CommandTime,DeviceTime,ValueChanged,Value,LightChanged
1589824709.9231353,1589817511.0194201,1589817511.0194201,100.0,1589817511.1443427
1589824715.801397,1589817516.8823833,1589817516.8823833,0.0,1589817517.30692
1589824721.4063165,1589817522.570757,1589817522.570757,100.0,1589817522.8412
1589824727.129963,1589817528.2284493,1589817528.2284493,0.0,1589817528.4288578
1589824732.8364186,1589817534.177461,1589817534.177461,100.0,1589817534.533729
1589824738.180293,1589817539.227795,1589817539.227795,0.0,1589817539.615739
1589824743.6806257,1589817544.9171567,1589817544.9171567,100.0,1589817545.2839587
1589824749.372592,1589817550.658442,1589817550.658442,0.0,1589817550.800371
1589824754.9387171,1589817556.049174,1589817556.049174,100.0,1589817556.528639
1589824760.180583,1589817561.292869,1589817561.292869,0.0,1589817561.469024
1589824765.9853435,1589817567.268017,1589817567.268017,100.0,1589817567.571103
1589824771.412259,1589817572.637758,1589817572.637758,0.0,1589817573.1959548
1589824776.9337075,1589817578.033481,1589817578.033481,100.0,1589817578.240822
1589824782.5305068,1589817583.6324487,1589817583.6324487,0.0,1589817583.875723
1589824787.8654206,1589817588.961785,1589817588.961785,100.0,1589817589.42607
1589824793.27425,1589817594.375996,1589817594.375996,0.0,1589817594.510061
1589824798.9627535,1589817600.1256359,1589817600.1256359,100.0,1589817600.6127548
1589824804.3015447,1589817605.4117959,1589817605.4117959,0.0,1589817605.699006
1589824809.9816523,1589817611.138601,1589817611.138601,100.0,1589817611.3996508
1589824815.3876736,1589817616.6329927,1589817616.6329927,0.0,1589817616.995376
1589824820.8206809,1589817622.225412,1589817622.225412,100.0,1589817622.470463
1589824826.0536327,1589817627.1114287,1589817627.1114287,0.0,1589817627.7451026
1589824831.7047386,1589817632.8143559,1589817632.8143559,100.0,1589817633.1405187
1589824836.9296863,1589817638.157366,1589817638.157366,0.0,1589817638.776865
1589824842.5021858,1589817643.670377,1589817643.670377,100.0,1589817643.8020678
1589824847.7655215,1589817648.7765996,1589817648.7765996,0.0,1589817648.8844428
1589824853.3162794,1589817654.501806,1589817654.501806,100.0,1589817654.98494
1589824858.7775526,1589817660.2288547,1589817660.2288547,0.0,1589817660.7410018
1589824864.369101,1589817665.5947917,1589817665.5947917,100.0,1589817666.1687708
1589824870.0518203,1589817671.152712,1589817671.152712,0.0,1589817671.245593
1589824875.80913,1589817677.03049,1589817677.03049,100.0,1589817677.40172
1589824881.2588232,1589817682.2968428,1589817682.2968428,0.0,1589817682.42221
1589824886.769182,1589817688.643234,1589817688.643234,100.0,1589817689.1468947
1589824892.483924,1589817693.592006,1589817693.592006,0.0,1589817694.111945
1589824898.0382884,1589817699.210886,1589817699.210886,100.0,1589817699.831944
1589824903.4947996,1589817704.833606,1589817704.833606,0.0,1589817705.4695628
1589824909.1427171,1589817710.4894598,1589817710.4894598,100.0,1589817710.8840659
1589824914.4921324,1589817715.6474547,1589817715.6474547,0.0,1589817716.0149379
1589824919.973541,1589817721.188918,1589817721.188918,100.0,1589817721.5520647
1589824925.0791683,1589817726.090757,1589817726.090757,0.0,1589817726.6320348
1589824930.1818914,1589817731.1937902,1589817731.1937902,100.0,1589817731.710729
1589824935.2870362,1589817736.3067482,1589817736.3067482,0.0,1589817736.798413
1589824940.38227,1589817741.4094188,1589817741.4094188,100.0,1589817741.8754137
1589824945.4710495,1589817746.490617,1589817746.490617,0.0,1589817746.954835
1589824950.569865,1589817751.5878668,1589817751.5878668,100.0,1589817752.039433
1589824955.6696813,1589817756.680928,1589817756.680928,0.0,1589817757.116788
1589824960.7731144,1589817761.780984,1589817761.780984,100.0,1589817762.195615
1589824965.8705347,1589817766.881475,1589817766.881475,0.0,1589817767.2792
1589824970.969942,1589817771.985382,1589817771.985382,100.0,1589817772.360222
1589824976.084297,1589817777.0989027,1589817777.0989027,0.0,1589817777.4356542
1589824981.1854246,1589817782.197316,1589817782.197316,100.0,1589817782.5190969
1589824986.2897475,1589817787.312722,1589817787.312722,0.0,1589817787.6007662
1589824991.3730419,1589817792.3804927,1589817792.3804927,100.0,1589817792.675802
1589824996.472036,1589817797.4988658,1589817797.4988658,0.0,1589817797.7597327
1589825001.5644846,1589817802.579004,1589817802.579004,100.0,1589817802.839723
1589825006.6627762,1589817807.677899,1589817807.677899,0.0,1589817807.9238682
1589825011.7601945,1589817812.774394,1589817812.774394,100.0,1589817813.004802
1589825016.8567374,1589817817.86576,1589817817.86576,0.0,1589817818.077773
1589825021.953447,1589817822.968181,1589817822.968181,100.0,1589817823.161996
1589825027.052951,1589817828.0678701,1589817828.0678701,0.0,1589817828.243457
1589825032.1509626,1589817833.16741,1589817833.16741,100.0,1589817833.327191
1589825037.2495499,1589817838.2617218,1589817838.2617218,0.0,1589817838.403369
1589825042.3473136,1589817843.3706522,1589817843.3706522,100.0,1589817843.481081
1589825047.447091,1589817848.457313,1589817848.457313,0.0,1589817848.565003
1589825052.5449347,1589817853.5668588,1589817853.5668588,100.0,1589817854.149815
1589825057.6416388,1589817858.6508942,1589817858.6508942,0.0,1589817859.233924
1589825062.7351532,1589817863.751343,1589817863.751343,100.0,1589817864.310618
1589825067.8299527,1589817868.8423982,1589817868.8423982,0.0,1589817869.392963
1589825072.9280102,1589817873.944648,1589817873.944648,100.0,1589817874.47802
1589825078.0275853,1589817879.034764,1589817879.034764,0.0,1589817879.5573637
1589825083.129445,1589817884.1420197,1589817884.1420197,100.0,1589817884.6456199
1589825088.2280662,1589817889.2398376,1589817889.2398376,0.0,1589817889.7245688
1589825093.335898,1589817894.348152,1589817894.348152,100.0,1589817894.810478
1589825098.4374082,1589817899.453629,1589817899.453629,0.0,1589817899.893395
1589825103.5379665,1589817904.558261,1589817904.558261,100.0,1589817904.9720678
1589825108.641189,1589817909.660567,1589817909.660567,0.0,1589817910.049863
1589825113.751448,1589817914.7724018,1589817914.7724018,100.0,1589817915.137046
1589825118.8565855,1589817919.8786407,1589817919.8786407,0.0,1589817920.2170568
1589825123.9597523,1589817924.9797637,1589817924.9797637,100.0,1589817925.2927167
1589825129.067216,1589817930.082926,1589817930.082926,0.0,1589817930.375731
1589825134.1709964,1589817935.185602,1589817935.185602,100.0,1589817935.453555
1589825139.274237,1589817940.291744,1589817940.291744,0.0,1589817940.5373487
1589825144.3740442,1589817945.4045587,1589817945.4045587,100.0,1589817945.615654
1589825149.4731686,1589817950.50339,1589817950.50339,0.0,1589817950.697043
1589825154.5688055,1589817955.580414,1589817955.580414,100.0,1589817955.783099
1589825159.6725132,1589817960.69449,1589817960.69449,0.0,1589817960.8629858
1589825164.76924,1589817965.7846067,1589817965.7846067,100.0,1589817965.944782
1589825169.8672962,1589817970.882371,1589817970.882371,0.0,1589817971.027384
1589825174.96885,1589817975.987838,1589817975.987838,100.0,1589817976.113569
1589825180.064645,1589817981.0795567,1589817981.0795567,0.0,1589817981.19582
1589825185.1645856,1589817986.190997,1589817986.190997,100.0,1589817986.2750247
1589825190.2637742,1589817991.276097,1589817991.276097,0.0,1589817991.3602908
1589825195.3614798,1589817996.376616,1589817996.376616,100.0,1589817996.944617
1589825200.464923,1589818001.49182,1589818001.49182,0.0,1589818002.025578
1589825205.5636947,1589818006.576647,1589818006.576647,100.0,1589818007.109328
1589825210.658403,1589818011.6754668,1589818011.6754668,0.0,1589818012.190866
1589825215.763277,1589818016.7872221,1589818016.7872221,100.0,1589818017.269983
1589825220.8668127,1589818021.8908358,1589818021.8908358,0.0,1589818022.352104
1589825225.9650483,1589818026.983693,1589818026.983693,100.0,1589818027.436395
1589825231.049823,1589818032.066126,1589818032.066126,0.0,1589818032.518629
1589825236.1449978,1589818037.158421,1589818037.158421,100.0,1589818037.5969267
1589825241.2406282,1589818042.2557797,1589818042.2557797,0.0,1589818042.679106
1589825246.3375971,1589818047.354432,1589818047.354432,100.0,1589818047.761032
1589825251.4297178,1589818052.4538438,1589818052.4538438,0.0,1589818052.843099
1589825256.5283277,1589818057.55924,1589818057.55924,100.0,1589818057.923059
1589825261.6389468,1589818062.6562467,1589818062.6562467,0.0,1589818063.0068
1589825266.7396913,1589818067.7620687,1589818067.7620687,100.0,1589818068.091309
1589825271.8344903,1589818072.85249,1589818072.85249,0.0,1589818073.163756
1589825276.9250202,1589818077.9431527,1589818077.9431527,100.0,1589818078.24846
1589825282.0442207,1589818083.062319,1589818083.062319,0.0,1589818083.3239048
1589825287.1415806,1589818088.160256,1589818088.160256,100.0,1589818088.4058437
1589825292.2428536,1589818093.254254,1589818093.254254,0.0,1589818093.491318
1589825297.342005,1589818098.3596137,1589818098.3596137,100.0,1589818098.570919
1589825302.4279215,1589818103.439753,1589818103.439753,0.0,1589818103.649265
1589825307.5276346,1589818108.551757,1589818108.551757,100.0,1589818108.727071
1589825312.6244726,1589818113.6387167,1589818113.6387167,0.0,1589818113.8154128
1589825317.724723,1589818118.752826,1589818118.752826,100.0,1589818118.895913
1589825322.848494,1589818123.8622227,1589818123.8622227,0.0,1589818123.9713087
1589825327.9446306,1589818128.9644387,1589818128.9644387,100.0,1589818129.050558
1589825333.0435815,1589818134.063446,1589818134.063446,0.0,1589818134.648173
1589825338.1421196,1589818139.1739821,1589818139.1739821,100.0,1589818139.7258508
1589825343.246758,1589818144.272153,1589818144.272153,0.0,1589818144.80505
1589825348.3418007,1589818149.378072,1589818149.378072,100.0,1589818149.8880508
1589825353.4300492,1589818154.464435,1589818154.464435,0.0,1589818154.968618
1589825358.5266886,1589818159.5447059,1589818159.5447059,100.0,1589818160.048421
1589825363.6261532,1589818164.648349,1589818164.648349,0.0,1589818165.124031
1589825368.7263975,1589818169.752859,1589818169.752859,100.0,1589818170.210926
1589825373.820602,1589818174.837423,1589818174.837423,0.0,1589818175.2844636
1589825378.9168348,1589818179.946048,1589818179.946048,100.0,1589818180.3678339
1589825384.0226336,1589818185.042768,1589818185.042768,0.0,1589818185.448785
1589825389.1258662,1589818190.152086,1589818190.152086,100.0,1589818190.532811
1589825394.2300298,1589818195.251833,1589818195.251833,0.0,1589818195.615904
1589825399.3298826,1589818200.3643858,1589818200.3643858,100.0,1589818200.699644
1589825404.431406,1589818205.473624,1589818205.473624,0.0,1589818205.777601
1589825409.524909,1589818210.540008,1589818210.540008,100.0,1589818210.8597538
1589825414.6410387,1589818215.6564908,1589818215.6564908,0.0,1589818215.9366043
1589825419.734051,1589818220.7558787,1589818220.7558787,100.0,1589818221.019179
1589825424.8394291,1589818225.8634207,1589818225.8634207,0.0,1589818226.100511
1589825429.9361043,1589818230.951563,1589818230.951563,100.0,1589818231.187728
1589825435.029261,1589818236.0556762,1589818236.0556762,0.0,1589818236.2664428
1589825440.1448286,1589818241.1675558,1589818241.1675558,100.0,1589818241.351542
1589825445.2525978,1589818246.276163,1589818246.276163,0.0,1589818246.434784
1589825450.3608696,1589818251.3836067,1589818251.3836067,100.0,1589818251.517557
1589825455.4625306,1589818256.488732,1589818256.488732,0.0,1589818256.599718
1589825460.5690396,1589818261.6183248,1589818261.6183248,100.0,1589818262.186617
1589825465.67092,1589818266.6940536,1589818266.6940536,0.0,1589818267.2710419
1589825470.7689185,1589818271.792763,1589818271.792763,100.0,1589818272.350757
1589825475.8715012,1589818276.8992922,1589818276.8992922,0.0,1589818277.432747
1589825480.9679883,1589818281.9846108,1589818281.9846108,100.0,1589818282.5170887
1589825486.0633504,1589818287.088218,1589818287.088218,0.0,1589818287.591783
1589825491.1602368,1589818292.188073,1589818292.188073,100.0,1589818292.6747327
1589825496.2497725,1589818297.277737,1589818297.277737,0.0,1589818297.763055
1589825501.3397465,1589818302.359761,1589818302.359761,100.0,1589818302.8418498
1589825506.448007,1589818307.4744658,1589818307.4744658,0.0,1589818307.9249907
1589825511.545957,1589818312.569032,1589818312.569032,100.0,1589818313.004041
1589825516.6663811,1589818317.690462,1589818317.690462,0.0,1589818318.0797958
1589825521.7683167,1589818322.800929,1589818322.800929,100.0,1589818323.169615
1589825526.8779948,1589818327.8968818,1589818327.8968818,0.0,1589818328.2419949
1589825531.976994,1589818332.999616,1589818332.999616,100.0,1589818333.326332
1589825537.0763507,1589818338.103888,1589818338.103888,0.0,1589818338.405503
1589825542.1743836,1589818343.204823,1589818343.204823,100.0,1589818343.4837723
1589825547.2750692,1589818348.304222,1589818348.304222,0.0,1589818348.566712
1589825552.3804953,1589818353.4110928,1589818353.4110928,100.0,1589818353.646533
1589825557.4762442,1589818358.5015028,1589818358.5015028,0.0,1589818358.7308
1589825562.5770535,1589818363.5984578,1589818363.5984578,100.0,1589818363.808782
1589825567.6799302,1589818368.7048602,1589818368.7048602,0.0,1589818368.8908627
1589825572.7795742,1589818373.797964,1589818373.797964,100.0,1589818373.9758658
1589825577.8830068,1589818378.9164627,1589818378.9164627,0.0,1589818379.0578547
1589825582.9803703,1589818384.0128047,1589818384.0128047,100.0,1589818384.138044
1589825588.0742457,1589818389.100063,1589818389.100063,0.0,1589818389.2187667
1589825593.1670706,1589818394.187381,1589818394.187381,100.0,1589818394.299026
1589825598.2593632,1589818399.277763,1589818399.277763,0.0,1589818399.3782969
1589825603.3519151,1589818404.3752198,1589818404.3752198,100.0,1589818404.4591208
1589825608.4496288,1589818409.477421,1589818409.477421,0.0,1589818410.044962
1589825613.5521255,1589818414.581385,1589818414.581385,100.0,1589818415.1234179
1589825618.6519167,1589818419.673751,1589818419.673751,0.0,1589818420.208746
1589825623.7628422,1589818424.7904541,1589818424.7904541,100.0,1589818425.292134
1589825628.8625124,1589818429.8920782,1589818429.8920782,0.0,1589818430.3721647
1589825633.950996,1589818434.974515,1589818434.974515,100.0,1589818435.456953
1589825639.0509343,1589818440.098742,1589818440.098742,0.0,1589818440.5382617
1589825644.1347654,1589818445.1584127,1589818445.1584127,100.0,1589818445.6143987
1589825649.2366471,1589818450.27285,1589818450.27285,0.0,1589818450.6938148
1589825654.3330944,1589818455.359818,1589818455.359818,100.0,1589818455.7823277
1589825659.4245882,1589818460.447229,1589818460.447229,0.0,1589818460.861491
1589825664.5288334,1589818465.561358,1589818465.561358,100.0,1589818465.9485347
1589825669.6339974,1589818470.671444,1589818470.671444,0.0,1589818471.0317447
1589825674.7296348,1589818475.7650259,1589818475.7650259,100.0,1589818476.1114573
1589825679.830413,1589818480.861899,1589818480.861899,0.0,1589818481.194188
1589825684.92857,1589818485.9538074,1589818485.9538074,100.0,1589818486.2753267
1589825690.0352619,1589818491.0661807,1589818491.0661807,0.0,1589818491.352879
1589825695.131546,1589818496.168791,1589818496.168791,100.0,1589818496.4304967
1589825700.2286668,1589818501.256043,1589818501.256043,0.0,1589818501.509699
1589825705.32116,1589818506.3547802,1589818506.3547802,100.0,1589818506.5914156
1589825710.4197218,1589818511.4571068,1589818511.4571068,0.0,1589818511.666312
1589825715.5330703,1589818516.57147,1589818516.57147,100.0,1589818516.747082
1589825720.6345658,1589818521.665661,1589818521.665661,0.0,1589818521.824424
1589825725.7264748,1589818526.750431,1589818526.750431,100.0,1589818526.9027534
1589825730.8236468,1589818531.8518898,1589818531.8518898,0.0,1589818531.9873807
1589825735.9067044,1589818536.944003,1589818536.944003,100.0,1589818537.062034
1589825741.0031486,1589818542.049085,1589818542.049085,0.0,1589818542.1414418
1589825746.0962796,1589818547.1287887,1589818547.1287887,100.0,1589818547.2206008
1589825751.1923091,1589818552.218225,1589818552.218225,0.0,1589818552.304552
1589825756.3093894,1589818557.3464007,1589818557.3464007,100.0,1589818557.893368
1589825761.4081972,1589818562.4329882,1589818562.4329882,0.0,1589818562.968459
1589825766.5124288,1589818567.5403779,1589818567.5403779,100.0,1589818568.047837
1589825771.6146832,1589818572.650726,1589818572.650726,0.0,1589818573.126083
1589825776.714375,1589818577.7408028,1589818577.7408028,100.0,1589818578.206902
1589825781.8133671,1589818582.839866,1589818582.839866,0.0,1589818583.280642
1589825786.9034963,1589818587.925072,1589818587.925072,100.0,1589818588.357973
1589825792.006146,1589818593.0355709,1589818593.0355709,0.0,1589818593.433793
1589825797.1083314,1589818598.1451483,1589818598.1451483,100.0,1589818598.5202076
1589825802.2125466,1589818603.246407,1589818603.246407,0.0,1589818603.596966
1589825807.3153446,1589818608.3401906,1589818608.3401906,100.0,1589818608.6772268
1589825812.413291,1589818613.438851,1589818613.438851,0.0,1589818613.750912
1589825817.5163836,1589818618.550431,1589818618.550431,100.0,1589818618.8290348
1589825822.6123927,1589818623.6531162,1589818623.6531162,0.0,1589818623.916041
1589825827.7105117,1589818628.7453268,1589818628.7453268,100.0,1589818628.9917667
1589825832.8044028,1589818633.8322098,1589818633.8322098,0.0,1589818634.0683887
1589825837.9075153,1589818638.9450607,1589818638.9450607,100.0,1589818639.147753
1589825843.0201614,1589818644.0578682,1589818644.0578682,0.0,1589818644.224638
1589825848.1231098,1589818649.155404,1589818649.155404,100.0,1589818649.305926
1589825853.2247949,1589818654.2775102,1589818654.2775102,0.0,1589818654.379171
1589825858.3260503,1589818659.361593,1589818659.361593,100.0,1589818659.453773
1589825863.4280806,1589818664.45909,1589818664.45909,0.0,1589818665.044959
1589825868.522007,1589818669.5547948,1589818669.5547948,100.0,1589818670.125027
1589825873.6263793,1589818674.654752,1589818674.654752,0.0,1589818675.1957927
1589825878.7313788,1589818679.764878,1589818679.764878,100.0,1589818680.2740607
1589825883.8313785,1589818684.856626,1589818684.856626,0.0,1589818685.355544
1589825888.9178867,1589818689.9473958,1589818689.9473958,100.0,1589818690.427619
1589825894.0338864,1589818695.0661948,1589818695.0661948,0.0,1589818695.5099847
1589825899.1171858,1589818700.145782,1589818700.145782,100.0,1589818700.590023
1589825904.2194939,1589818705.2501807,1589818705.2501807,0.0,1589818705.664836
1589825909.3227994,1589818710.367989,1589818710.367989,100.0,1589818710.741732
1589825914.4241664,1589818715.456078,1589818715.456078,0.0,1589818715.826571
1589825919.5571587,1589818720.59382,1589818720.59382,100.0,1589818720.9007802
1589825924.6528015,1589818725.7008429,1589818725.7008429,0.0,1589818725.980104
1589825929.7528002,1589818730.792202,1589818730.792202,100.0,1589818731.062729
1589825934.8490624,1589818735.8768547,1589818735.8768547,0.0,1589818736.143989
1589825939.957127,1589818740.9997892,1589818740.9997892,100.0,1589818741.22397
1589825945.064975,1589818746.093571,1589818746.093571,0.0,1589818746.304011
1589825950.1499474,1589818751.188873,1589818751.188873,100.0,1589818751.37364
1589825955.2449667,1589818756.282681,1589818756.282681,0.0,1589818756.4505563
1589825960.3449667,1589818761.375147,1589818761.375147,100.0,1589818761.536256
1589825965.4446015,1589818766.4859807,1589818766.4859807,0.0,1589818766.612778
1589825970.5389714,1589818771.567891,1589818771.567891,100.0,1589818771.6866367
1589825975.65451,1589818776.699341,1589818776.699341,0.0,1589818777.277816
1589825980.7605612,1589818781.797622,1589818781.797622,100.0,1589818782.3559988
1589825985.85856,1589818786.891545,1589818786.891545,0.0,1589818787.431954
1589825990.956901,1589818791.9920123,1589818791.9920123,100.0,1589818792.507952
1589825996.0480306,1589818797.076419,1589818797.076419,0.0,1589818797.590382
1589826001.134653,1589818802.1700509,1589818802.1700509,100.0,1589818802.671347
1589826006.229652,1589818807.2615502,1589818807.2615502,0.0,1589818807.743078
1589826011.3226528,1589818812.360453,1589818812.360453,100.0,1589818812.824178
1589826016.4236531,1589818817.471298,1589818817.471298,0.0,1589818817.902997
1589826021.5276532,1589818822.565451,1589818822.565451,100.0,1589818822.98329
1589826026.627652,1589818827.65896,1589818827.65896,0.0,1589818828.055309
1589826031.7356522,1589818832.772006,1589818832.772006,100.0,1589818833.131101
1589826036.82385,1589818837.854624,1589818837.854624,0.0,1589818838.2089882
1589826041.9268327,1589818842.961401,1589818842.961401,100.0,1589818843.282639
1589826047.0271652,1589818848.056719,1589818848.056719,0.0,1589818848.360871
1589826052.1304524,1589818853.1695948,1589818853.1695948,100.0,1589818853.438979
1589826057.2296796,1589818858.269883,1589818858.269883,0.0,1589818858.523819
1589826062.3360045,1589818863.380067,1589818863.380067,100.0,1589818863.599544
1589826067.4410043,1589818868.4800467,1589818868.4800467,0.0,1589818868.67217
1589826072.5530007,1589818873.6180668,1589818873.6180668,100.0,1589818873.7530687
1589826077.6600022,1589818878.704102,1589818878.704102,0.0,1589818878.830111
1589826082.7645788,1589818883.800905,1589818883.800905,100.0,1589818883.909495
1589826087.869603,1589818888.9099967,1589818888.9099967,0.0,1589818888.985451
1589826092.9655783,1589818894.004748,1589818894.004748,100.0,1589818894.572854
1589826098.0706098,1589818899.108635,1589818899.108635,0.0,1589818899.6508782
1589826103.1566074,1589818904.210287,1589818904.210287,100.0,1589818904.7257662
1589826108.250954,1589818909.284486,1589818909.284486,0.0,1589818909.8102188
1589826113.3519828,1589818914.3907468,1589818914.3907468,100.0,1589818914.8843422
1589826118.4517658,1589818919.4824867,1589818919.4824867,0.0,1589818919.961694
1589826123.5559685,1589818924.5950668,1589818924.5950668,100.0,1589818925.038878
1589826128.6586707,1589818929.7053468,1589818929.7053468,0.0,1589818930.119328
1589826133.7442951,1589818934.779765,1589818934.779765,100.0,1589818935.1963727
1589826138.8426063,1589818939.879693,1589818939.879693,0.0,1589818940.27138
1589826143.9456074,1589818944.9864922,1589818944.9864922,100.0,1589818945.35063
1589826149.0406067,1589818950.0793087,1589818950.0793087,0.0,1589818950.424914
1589826154.1386073,1589818955.1817741,1589818955.1817741,100.0,1589818955.503958
1589826159.2386074,1589818960.277923,1589818960.277923,0.0,1589818960.5827177
1589826164.3421159,1589818965.3918462,1589818965.3918462,100.0,1589818965.660051
1589826169.4417455,1589818970.4795587,1589818970.4795587,0.0,1589818970.742595
1589826174.5484192,1589818975.5809987,1589818975.5809987,100.0,1589818975.826399
1589826179.6532931,1589818980.693565,1589818980.693565,0.0,1589818980.9040358
1589826184.750112,1589818985.78675,1589818985.78675,100.0,1589818985.98965
1589826189.854251,1589818990.894424,1589818990.894424,0.0,1589818991.0727448
1589826194.9454787,1589818995.985648,1589818995.985648,100.0,1589818996.1457708
1589826200.0423462,1589819001.0810843,1589819001.0810843,0.0,1589819001.2326043
1589826205.129904,1589819006.165586,1589819006.165586,100.0,1589819006.308598
1589826210.2264364,1589819011.277049,1589819011.277049,0.0,1589819011.3868387
1589826215.3213713,1589819016.3680382,1589819016.3680382,100.0,1589819016.4705958
1589826220.4118822,1589819021.4571662,1589819021.4571662,0.0,1589819021.551451
1589826225.513882,1589819026.5537639,1589819026.5537639,100.0,1589819026.638941
1589826230.6288812,1589819031.666774,1589819031.666774,0.0,1589819032.2179458
1589826235.729883,1589819036.7693737,1589819036.7693737,100.0,1589819037.303735
1589826240.8338828,1589819041.873862,1589819041.873862,0.0,1589819042.3810725
1589826245.9363906,1589819046.9790413,1589819046.9790413,100.0,1589819047.462745
1589826251.0414596,1589819052.076747,1589819052.076747,0.0,1589819052.545916
1589826256.1481836,1589819057.188544,1589819057.188544,100.0,1589819057.6244268
1589826261.2537017,1589819062.2908998,1589819062.2908998,0.0,1589819062.706018
1589826266.352963,1589819067.391215,1589819067.391215,100.0,1589819067.788868
1589826271.4539073,1589819072.4934297,1589819072.4934297,0.0,1589819072.8670988
1589826276.5716655,1589819077.625575,1589819077.625575,100.0,1589819077.9460146
1589826281.6624455,1589819082.705887,1589819082.705887,0.0,1589819083.027584
1589826286.7753499,1589819087.8237379,1589819087.8237379,100.0,1589819088.111916
1589826291.8834796,1589819092.925707,1589819092.925707,0.0,1589819093.185053
1589826296.9832463,1589819098.022233,1589819098.022233,100.0,1589819098.2676167
1589826302.0861483,1589819103.130434,1589819103.130434,0.0,1589819103.348205
1589826307.199147,1589819108.242646,1589819108.242646,100.0,1589819108.4282467
1589826312.3011491,1589819113.343876,1589819113.343876,0.0,1589819113.504187
1589826317.406148,1589819118.4499652,1589819118.4499652,100.0,1589819118.5776339
1589826322.505147,1589819123.547456,1589819123.547456,0.0,1589819123.658061
1589826327.6059487,1589819128.6520894,1589819128.6520894,100.0,1589819128.7358696
1589826332.7108662,1589819133.7464359,1589819133.7464359,0.0,1589819134.323857
1589826337.8027549,1589819138.84568,1589819138.84568,100.0,1589819139.399487
1589826342.9093306,1589819143.955558,1589819143.955558,0.0,1589819144.475841
1589826348.0151217,1589819149.0560067,1589819149.0560067,100.0,1589819149.5533907
1589826353.1215582,1589819154.165045,1589819154.165045,0.0,1589819154.6297069
1589826358.2199667,1589819159.2670476,1589819159.2670476,100.0,1589819159.714441
1589826363.3229089,1589819164.364883,1589819164.364883,0.0,1589819164.787179
1589826368.4177623,1589819169.4877927,1589819169.4877927,100.0,1589819169.8699548
1589826373.5176365,1589819174.558854,1589819174.558854,0.0,1589819174.942427
1589826378.6335232,1589819179.6904109,1589819179.6904109,100.0,1589819180.028264
1589826383.726523,1589819184.768399,1589819184.768399,0.0,1589819185.103959
1589826388.8335233,1589819189.87706,1589819189.87706,100.0,1589819190.1785958
1589826393.9345236,1589819194.9864728,1589819194.9864728,0.0,1589819195.2580588
1589826399.0355222,1589819200.080584,1589819200.080584,100.0,1589819200.33578
1589826404.1385245,1589819205.187921,1589819205.187921,0.0,1589819205.415008
1589826409.2389276,1589819210.2795527,1589819210.2795527,100.0,1589819210.499052
1589826414.3382077,1589819215.37944,1589819215.37944,0.0,1589819215.5717618
1589826419.4385939,1589819220.483941,1589819220.483941,100.0,1589819220.653683
1589826424.543594,1589819225.6052198,1589819225.6052198,0.0,1589819225.7310188
1589826429.6438673,1589819230.69785,1589819230.69785,100.0,1589819230.807698
1589826434.759766,1589819235.803012,1589819235.803012,0.0,1589819235.886933
1589826439.862994,1589819240.9065928,1589819240.9065928,100.0,1589819241.4738178
1589826444.9678595,1589819246.0377507,1589819246.0377507,0.0,1589819246.5468442
1589826450.07886,1589819251.1247587,1589819251.1247587,100.0,1589819251.622399
1589826455.1828594,1589819256.2305138,1589819256.2305138,0.0,1589819256.7033134
1589826460.2828598,1589819261.3240573,1589819261.3240573,100.0,1589819261.7790968
1589826465.374858,1589819266.42172,1589819266.42172,0.0,1589819266.8614447
1589826470.4698591,1589819271.5107558,1589819271.5107558,100.0,1589819271.939437
1589826475.5698595,1589819276.608973,1589819276.608973,0.0,1589819277.012789
1589826480.669858,1589819281.7210119,1589819281.7210119,100.0,1589819282.098752
1589826485.7679324,1589819286.813067,1589819286.813067,0.0,1589819287.1677608
1589826490.8573842,1589819291.900326,1589819291.900326,100.0,1589819292.2488368
1589826495.948082,1589819296.9884,1589819296.9884,0.0,1589819297.324992
1589826501.049767,1589819302.095102,1589819302.095102,100.0,1589819302.401798
1589826506.1561275,1589819307.19956,1589819307.19956,0.0,1589819307.47864
1589826511.2538402,1589819312.302617,1589819312.302617,100.0,1589819312.5578
1589826516.3523057,1589819317.4000268,1589819317.4000268,0.0,1589819317.63344
1589826521.4369452,1589819322.4797502,1589819322.4797502,100.0,1589819322.713649
1589826526.53355,1589819327.575612,1589819327.575612,0.0,1589819327.78479
1589826531.6283677,1589819332.6692429,1589819332.6692429,100.0,1589819332.86409
1589826536.7273962,1589819337.7679207,1589819337.7679207,0.0,1589819337.944731
1589826541.8274236,1589819342.869425,1589819342.869425,100.0,1589819343.020925
1589826546.9249015,1589819347.9723902,1589819347.9723902,0.0,1589819348.101017
1589826552.0212388,1589819353.0660782,1589819353.0660782,100.0,1589819353.174951
1589826557.12368,1589819358.1718729,1589819358.1718729,0.0,1589819358.2554438
1589826562.218706,1589819363.2642477,1589819363.2642477,100.0,1589819363.8357308
1589826567.3261604,1589819368.3848348,1589819368.3848348,0.0,1589819368.913393
1589826572.418133,1589819373.480598,1589819373.480598,100.0,1589819373.996895
1589826577.5171325,1589819378.5646467,1589819378.5646467,0.0,1589819379.0763807
1589826582.608134,1589819383.6631367,1589819383.6631367,100.0,1589819384.1547458
1589826587.7051623,1589819388.7503948,1589819388.7503948,0.0,1589819389.233077
1589826592.8063772,1589819393.856648,1589819393.856648,100.0,1589819394.3138866
1589826597.903594,1589819398.9574277,1589819398.9574277,0.0,1589819399.3961902
1589826603.005593,1589819404.055709,1589819404.055709,100.0,1589819404.4780428
1589826608.1049101,1589819409.162387,1589819409.162387,0.0,1589819409.559767
1589826613.193543,1589819414.241959,1589819414.241959,100.0,1589819414.636299
1589826618.2974787,1589819419.347136,1589819419.347136,0.0,1589819419.709962
1589826623.392929,1589819424.44205,1589819424.44205,100.0,1589819424.790185
1589826628.493922,1589819429.555648,1589819429.555648,0.0,1589819429.86105
1589826633.5999231,1589819434.655593,1589819434.655593,100.0,1589819434.9454362
1589826638.6859229,1589819439.7338202,1589819439.7338202,0.0,1589819440.01229
1589826643.784922,1589819444.835882,1589819444.835882,100.0,1589819445.090789
1589826648.8725328,1589819449.927957,1589819449.927957,0.0,1589819450.1635647
1589826653.988485,1589819455.0328028,1589819455.0328028,100.0,1589819455.242109
1589826659.0873907,1589819460.132788,1589819460.132788,0.0,1589819460.324711
1589826664.1849942,1589819465.2310607,1589819465.2310607,100.0,1589819465.3995347
1589826669.2858362,1589819470.3364527,1589819470.3364527,0.0,1589819470.47202
1589826674.3847327,1589819475.438069,1589819475.438069,100.0,1589819475.5464542
1589826679.5005703,1589819480.5504498,1589819480.5504498,0.0,1589819481.133049
1589826684.5960963,1589819485.6680038,1589819485.6680038,100.0,1589819486.2088
1589826689.690912,1589819490.7416108,1589819490.7416108,0.0,1589819491.2842607
1589826694.7871385,1589819495.8853528,1589819495.8853528,100.0,1589819496.3601007
1589826699.8848383,1589819500.9367187,1589819500.9367187,0.0,1589819501.4383187
1589826704.983604,1589819506.0353727,1589819506.0353727,100.0,1589819506.5180287
1589826710.088479,1589819511.1428108,1589819511.1428108,0.0,1589819511.5983737
1589826715.1889172,1589819516.242213,1589819516.242213,100.0,1589819516.6744518
1589826720.2854242,1589819521.336504,1589819521.336504,0.0,1589819521.75085
1589826725.3864264,1589819526.436063,1589819526.436063,100.0,1589819526.8240848
1589826730.4864602,1589819531.538448,1589819531.538448,0.0,1589819531.904381
1589826735.5865934,1589819536.638372,1589819536.638372,100.0,1589819536.9765868
1589826740.6826618,1589819541.744606,1589819541.744606,0.0,1589819542.054527
1589826745.7862098,1589819546.842811,1589819546.842811,100.0,1589819547.1359167
1589826750.8909338,1589819551.9401639,1589819551.9401639,0.0,1589819552.2174547
1589826756.0108511,1589819557.059072,1589819557.059072,100.0,1589819557.29557
1589826761.1108007,1589819562.1557882,1589819562.1557882,0.0,1589819562.374425
1589826766.2164097,1589819567.2661927,1589819567.2661927,100.0,1589819567.4508061
1589826771.3171215,1589819572.371176,1589819572.371176,0.0,1589819572.531963
1589826776.4254699,1589819577.4860268,1589819577.4860268,100.0,1589819577.605444
1589826781.532469,1589819582.5861747,1589819582.5861747,0.0,1589819582.680755
1589826786.6334684,1589819587.695621,1589819587.695621,100.0,1589819588.272419
1589826791.7339802,1589819592.791176,1589819592.791176,0.0,1589819593.3495398
1589826796.82798,1589819597.877767,1589819597.877767,100.0,1589819598.427634
1589826801.9264474,1589819602.976766,1589819602.976766,0.0,1589819603.5107548
1589826807.0202157,1589819608.0746207,1589819608.0746207,100.0,1589819608.583564
1589826812.126337,1589819613.180042,1589819613.180042,0.0,1589819613.668377
1589826817.2417338,1589819618.290313,1589819618.290313,100.0,1589819618.7457938
1589826822.3461533,1589819623.4026237,1589819623.4026237,0.0,1589819623.817198
1589826827.442716,1589819628.495394,1589819628.495394,100.0,1589819628.893641
1589826832.5485497,1589819633.6057568,1589819633.6057568,0.0,1589819633.973044
1589826837.6455212,1589819638.694984,1589819638.694984,100.0,1589819639.055598
1589826842.7336948,1589819643.79452,1589819643.79452,0.0,1589819644.133066
1589826847.8322394,1589819648.8846147,1589819648.8846147,100.0,1589819649.213035
1589826852.93406,1589819653.9888122,1589819653.9888122,0.0,1589819654.293336
1589826858.0354128,1589819659.0902278,1589819659.0902278,100.0,1589819659.3690178
1589826863.1573753,1589819664.2110019,1589819664.2110019,0.0,1589819664.449077
1589826868.2547884,1589819669.307904,1589819669.307904,100.0,1589819669.52697
1589826873.3382225,1589819674.405401,1589819674.405401,0.0,1589819674.607902
1589826878.4385207,1589819679.4888546,1589819679.4888546,100.0,1589819679.6807497
1589826883.5235603,1589819684.576476,1589819684.576476,0.0,1589819684.7611558
1589826888.6202137,1589819689.681921,1589819689.681921,100.0,1589819689.842747
1589826893.7082636,1589819694.7586029,1589819694.7586029,0.0,1589819694.919586
1589826898.8141012,1589819699.871403,1589819699.871403,100.0,1589819699.99779
1589826903.9181414,1589819704.981226,1589819704.981226,0.0,1589819705.082059
1589826909.0141664,1589819710.06264,1589819710.06264,100.0,1589819710.155045
1589826914.1083171,1589819715.154401,1589819715.154401,0.0,1589819715.2389948
1589826919.2067955,1589819720.2808442,1589819720.2808442,100.0,1589819720.829215
1589826924.3070471,1589819725.374145,1589819725.374145,0.0,1589819725.9028397
1589826929.4107778,1589819730.4673958,1589819730.4673958,100.0,1589819730.9812899
1589826934.5161703,1589819735.574496,1589819735.574496,0.0,1589819736.0578258
1589826939.6202087,1589819740.666293,1589819740.666293,100.0,1589819741.140905
1589826944.7050211,1589819745.753979,1589819745.753979,0.0,1589819746.2107902
1589826949.8270218,1589819750.882484,1589819750.882484,100.0,1589819751.297622
1589826954.9380217,1589819755.9998047,1589819755.9998047,0.0,1589819756.372841
1589826960.0346158,1589819761.096471,1589819761.096471,100.0,1589819761.4533548
1589826965.1216424,1589819766.173737,1589819766.173737,0.0,1589819766.5344048
1589826970.2354531,1589819771.3165958,1589819771.3165958,100.0,1589819771.634814
1589826975.3324552,1589819776.414781,1589819776.414781,0.0,1589819776.7127347
1589826980.432456,1589819781.523547,1589819781.523547,100.0,1589819781.794604
1589826985.525454,1589819786.608698,1589819786.608698,0.0,1589819786.870383
1589826990.6124544,1589819791.689573,1589819791.689573,100.0,1589819791.9529967
1589826995.7124543,1589819796.7893982,1589819796.7893982,0.0,1589819797.035971
1589827000.8106618,1589819801.890009,1589819801.890009,100.0,1589819802.263664
1589827005.9086545,1589819806.988036,1589819806.988036,0.0,1589819807.190038
1589827011.009652,1589819812.0962942,1589819812.0962942,100.0,1589819812.270762
1589827016.112653,1589819817.187565,1589819817.187565,0.0,1589819817.346706
1589827021.2157266,1589819822.297101,1589819822.297101,100.0,1589819822.423537
1589827026.31555,1589819827.3962061,1589819827.3962061,0.0,1589819827.505376
1589827031.4038906,1589819832.4796793,1589819832.4796793,100.0,1589819832.579925
1589827036.5052574,1589819837.5893,1589819837.5893,0.0,1589819838.1723468
1589827041.6118252,1589819842.692943,1589819842.692943,100.0,1589819843.244376
1589827046.7115004,1589819847.7960227,1589819847.7960227,0.0,1589819848.323283
1589827051.8185313,1589819852.900799,1589819852.900799,100.0,1589819853.401292
1589827056.921531,1589819858.005434,1589819858.005434,0.0,1589819858.481383
1589827062.0219955,1589819863.107335,1589819863.107335,100.0,1589819863.560995
1589827067.127551,1589819868.2173767,1589819868.2173767,0.0,1589819868.6420207
1589827072.2277987,1589819873.313857,1589819873.313857,100.0,1589819873.7206438
1589827077.3217983,1589819878.400059,1589819878.400059,0.0,1589819878.79843
1589827082.4198265,1589819883.504288,1589819883.504288,100.0,1589819883.877715
1589827087.5125594,1589819888.59484,1589819888.59484,0.0,1589819888.958353
1589827092.6119652,1589819893.694149,1589819893.694149,100.0,1589819894.031862
1589827097.711966,1589819898.792362,1589819898.792362,0.0,1589819899.1138818
1589827102.8139644,1589819903.923754,1589819903.923754,100.0,1589819904.19376
1589827107.9324758,1589819909.015179,1589819909.015179,0.0,1589819909.2687662
1589827113.0254757,1589819914.1115859,1589819914.1115859,100.0,1589819914.348844
1589827118.1144762,1589819919.1967058,1589819919.1967058,0.0,1589819919.426553
1589827123.2124767,1589819924.290862,1589819924.290862,100.0,1589819924.511762
1589827128.3104775,1589819929.391976,1589819929.391976,0.0,1589819929.5868142
1589827133.4144979,1589819934.49832,1589819934.49832,100.0,1589819934.6675549
1589827138.5104077,1589819939.5924,1589819939.5924,0.0,1589819939.752568
1589827143.6114388,1589819944.728672,1589819944.728672,100.0,1589819944.8305907
1589827148.706409,1589819949.7888222,1589819949.7888222,0.0,1589819949.915114
1589827153.808437,1589819954.89184,1589819954.89184,100.0,1589819954.991786
1589827158.902193,1589819960.010919,1589819960.010919,0.0,1589819960.5818202
1589827163.9991744,1589819965.0767426,1589819965.0767426,100.0,1589819965.660855
1589827169.1101742,1589819970.186514,1589819970.186514,0.0,1589819970.7387068
1589827174.2101734,1589819975.29524,1589819975.29524,100.0,1589819975.82043
1589827179.3102567,1589819980.429525,1589819980.429525,0.0,1589819980.896974
1589827184.4063098,1589819985.500766,1589819985.500766,100.0,1589819985.9840038
1589827189.5033114,1589819990.5875916,1589819990.5875916,0.0,1589819991.0606523
1589827194.5993106,1589819995.7006013,1589819995.7006013,100.0,1589819996.137781
1589827199.699342,1589820000.788338,1589820000.788338,0.0,1589820001.2159567
1589827204.7971117,1589820005.885025,1589820005.885025,100.0,1589820006.301776
1589827209.8966222,1589820010.977604,1589820010.977604,0.0,1589820011.375766
1589827214.9916236,1589820016.0855567,1589820016.0855567,100.0,1589820016.4579687
1589827220.0806234,1589820021.168168,1589820021.168168,0.0,1589820021.5340462
1589827225.1756225,1589820026.260605,1589820026.260605,100.0,1589820026.6168
1589827230.2876236,1589820031.3770297,1589820031.3770297,0.0,1589820031.699079
1589827235.3896227,1589820036.476808,1589820036.476808,100.0,1589820036.777959
1589827240.4916227,1589820041.582041,1589820041.582041,0.0,1589820041.857727
1589827245.5926228,1589820046.6788359,1589820046.6788359,100.0,1589820046.931593
1589827250.6956236,1589820051.782351,1589820051.782351,0.0,1589820052.0141037
1589827255.7806234,1589820056.862387,1589820056.862387,100.0,1589820057.0889788
1589827260.867623,1589820061.9546862,1589820061.9546862,0.0,1589820062.1736007
1589827265.9796238,1589820067.0618927,1589820067.0618927,100.0,1589820067.254938
1589827271.0826228,1589820072.165184,1589820072.165184,0.0,1589820072.333605
1589827276.1796231,1589820077.267781,1589820077.267781,100.0,1589820077.411392
1589827281.2726223,1589820082.357875,1589820082.357875,0.0,1589820082.484576
1589827286.3546221,1589820087.4341938,1589820087.4341938,100.0,1589820087.5679822
1589827291.453623,1589820092.5346348,1589820092.5346348,0.0,1589820092.6457388
1589827296.5396233,1589820097.623834,1589820097.623834,100.0,1589820097.724011
1589827301.6336231,1589820102.717168,1589820102.717168,0.0,1589820102.8028893
1589827306.740622,1589820107.833315,1589820107.833315,100.0,1589820108.3843422
1589827311.8326247,1589820112.927245,1589820112.927245,0.0,1589820113.4627347
1589827316.9316235,1589820118.0167007,1589820118.0167007,100.0,1589820118.541686
1589827322.0176227,1589820123.099761,1589820123.099761,0.0,1589820123.615766
1589827327.1106236,1589820128.2063699,1589820128.2063699,100.0,1589820128.70275
1589827332.2106266,1589820133.2896018,1589820133.2896018,0.0,1589820133.776834
1589827337.3176222,1589820138.4058259,1589820138.4058259,100.0,1589820138.8544028
1589827342.4156225,1589820143.501266,1589820143.501266,0.0,1589820143.933129
1589827347.5086222,1589820148.5978658,1589820148.5978658,100.0,1589820149.003939
1589827352.595766,1589820153.685963,1589820153.685963,0.0,1589820154.083368
1589827357.7035692,1589820158.793513,1589820158.793513,100.0,1589820159.162743
1589827362.8125596,1589820163.901419,1589820163.901419,0.0,1589820164.2387938
1589827367.909558,1589820169.008864,1589820169.008864,100.0,1589820169.313389
1589827373.0035596,1589820174.096025,1589820174.096025,0.0,1589820174.383501
1589827378.102926,1589820179.185557,1589820179.185557,100.0,1589820179.462711
1589827383.2139008,1589820184.313944,1589820184.313944,0.0,1589820184.543687
1589827388.314901,1589820189.4254909,1589820189.4254909,100.0,1589820189.6198547
1589827393.4189012,1589820194.5056,1589820194.5056,0.0,1589820194.6912527
1589827398.5179014,1589820199.6095939,1589820199.6095939,100.0,1589820199.770343
1589827403.6459007,1589820204.733885,1589820204.733885,0.0,1589820204.845013
1589827408.7509007,1589820209.855257,1589820209.855257,100.0,1589820210.428375
1589827413.854902,1589820214.9472969,1589820214.9472969,0.0,1589820215.502696
1589827418.9497218,1589820220.064701,1589820220.064701,100.0,1589820220.577628
1589827424.078047,1589820225.16514,1589820225.16514,0.0,1589820225.6608067
1589827429.1697123,1589820230.2764127,1589820230.2764127,100.0,1589820230.733993
1589827434.2646317,1589820235.3541722,1589820235.3541722,0.0,1589820235.812013
1589827439.3690586,1589820240.460361,1589820240.460361,100.0,1589820240.883988
1589827444.4683025,1589820245.557569,1589820245.557569,0.0,1589820245.96336
1589827449.5695515,1589820250.7183459,1589820250.7183459,100.0,1589820251.032563
1589827454.6705923,1589820255.814292,1589820255.814292,0.0,1589820256.111003
1589827459.77175,1589820260.8929594,1589820260.8929594,100.0,1589820261.1904967
1589827464.8986592,1589820266.10183,1589820266.10183,0.0,1589820266.263248
1589827470.0008395,1589820271.094722,1589820271.094722,100.0,1589820271.348435
1589827475.0915372,1589820276.178352,1589820276.178352,0.0,1589820276.4255507
1589827480.1884966,1589820281.276898,1589820281.276898,100.0,1589820281.4963408
1589827485.286272,1589820286.3781402,1589820286.3781402,0.0,1589820286.5717468
1589827490.382715,1589820291.478353,1589820291.478353,100.0,1589820291.647594
1589827495.4812627,1589820296.569416,1589820296.569416,0.0,1589820296.7209902
1589827500.5736191,1589820301.6634,1589820301.6634,100.0,1589820301.7988327
1589827505.6669228,1589820306.760387,1589820306.760387,0.0,1589820306.87919
1589827510.7751825,1589820311.8647149,1589820311.8647149,100.0,1589820311.947576
1589827516.3234525,1589820317.5744627,1589820317.5744627,0.0,1589820318.038987
1589827521.9245415,1589820323.4173799,1589820323.4173799,100.0,1589820323.625514
1589827527.6040194,1589820328.876352,1589820328.876352,0.0,1589820329.427523
1589827533.0438323,1589820334.540592,1589820334.540592,100.0,1589820334.792921
1589827538.7481256,1589820340.11984,1589820340.11984,0.0,1589820340.8061562
1589827544.236419,1589820345.376155,1589820345.376155,100.0,1589820345.453558
1589827549.8196518,1589820351.119445,1589820351.119445,0.0,1589820351.6159298
1589827555.1278915,1589820356.2608283,1589820356.2608283,100.0,1589820356.6270819
1589827560.5614285,1589820361.872064,1589820361.872064,0.0,1589820362.208368
1589827566.1947463,1589820367.378566,1589820367.378566,100.0,1589820367.790578
1589827572.0023124,1589820373.3606782,1589820373.3606782,0.0,1589820373.878798
1589827577.2293437,1589820378.389787,1589820378.389787,100.0,1589820378.954981
1589827582.6158202,1589820383.8216922,1589820383.8216922,0.0,1589820384.029565
1589827587.9917276,1589820389.1283388,1589820389.1283388,100.0,1589820389.6189487
1589827593.6094759,1589820394.9754221,1589820394.9754221,0.0,1589820395.2011817
1589827599.1839066,1589820400.375024,1589820400.375024,100.0,1589820400.8567667
1589827604.6553092,1589820405.7883427,1589820405.7883427,0.0,1589820406.3691878
1589827610.209897,1589820411.3911507,1589820411.3911507,100.0,1589820411.954393
1589827615.8260384,1589820417.003021,1589820417.003021,0.0,1589820417.541538
1589827621.3431659,1589820422.7680142,1589820422.7680142,100.0,1589820423.1233346
1589827627.0100002,1589820428.272191,1589820428.272191,0.0,1589820428.7098727
1589827632.5714893,1589820433.7547162,1589820433.7547162,100.0,1589820434.293675
1589827638.1383986,1589820439.327511,1589820439.327511,0.0,1589820439.9170713
1589827643.745291,1589820445.054007,1589820445.054007,100.0,1589820445.4646702
1589827649.4672966,1589820450.970809,1589820450.970809,0.0,1589820451.053
1589827655.2572517,1589820456.5149827,1589820456.5149827,100.0,1589820456.6409976
1589827660.4232416,1589820461.5575047,1589820461.5575047,0.0,1589820461.7988198
1589827665.9021187,1589820467.2768419,1589820467.2768419,100.0,1589820467.806953
1589827671.6464503,1589820472.77946,1589820472.77946,0.0,1589820472.8883567
1589827677.1461008,1589820478.399441,1589820478.399441,100.0,1589820478.981058
1589827682.834152,1589820484.0215647,1589820484.0215647,0.0,1589820484.567546
1589827688.2014675,1589820489.39296,1589820489.39296,100.0,1589820489.6488008
1589827693.6775591,1589820494.817286,1589820494.817286,0.0,1589820495.236774
1589827699.4145882,1589820500.540853,1589820500.540853,100.0,1589820500.982525
1589827704.8882482,1589820506.2367182,1589820506.2367182,0.0,1589820506.4067807
1589827710.5223746,1589820512.073317,1589820512.073317,100.0,1589820512.498032
1589827716.135026,1589820517.339747,1589820517.339747,0.0,1589820517.572293
1589827721.3491263,1589820522.494384,1589820522.494384,100.0,1589820522.6545727
1589827726.9084659,1589820528.104714,1589820528.104714,0.0,1589820528.2380679
1589827732.3521209,1589820533.538037,1589820533.538037,100.0,1589820533.832674
1589827737.9851294,1589820539.239426,1589820539.239426,0.0,1589820539.415011
1589827743.447365,1589820544.837125,1589820544.837125,100.0,1589820545.005899
1589827748.5506477,1589820549.653056,1589820549.653056,0.0,1589820550.0848494
1589827753.6521196,1589820554.7447002,1589820554.7447002,100.0,1589820555.1599698
1589827758.7558842,1589820559.844798,1589820559.844798,0.0,1589820560.2399628
1589827763.8514755,1589820564.956859,1589820564.956859,100.0,1589820565.315937
1589827768.9547994,1589820570.0552702,1589820570.0552702,0.0,1589820570.399804
1589827774.0579622,1589820575.15483,1589820575.15483,100.0,1589820575.475856
1589827779.1772547,1589820580.296005,1589820580.296005,0.0,1589820580.5503647
1589827784.2799053,1589820585.37476,1589820585.37476,100.0,1589820585.6289907
1589827789.3866222,1589820590.479736,1589820590.479736,0.0,1589820590.7086508
1589827794.4785035,1589820595.5771468,1589820595.5771468,100.0,1589820595.787815
1589827799.5942316,1589820600.6911802,1589820600.6911802,0.0,1589820600.859496
1589827804.6949568,1589820605.7963548,1589820605.7963548,100.0,1589820605.938777
1589827809.7938445,1589820610.897814,1589820610.897814,0.0,1589820611.01698
1589827814.8876972,1589820615.983347,1589820615.983347,100.0,1589820616.0993507
1589827819.9890707,1589820621.0889907,1589820621.0889907,0.0,1589820621.173974
1589827825.0838032,1589820626.1839619,1589820626.1839619,100.0,1589820626.7693827
1589827830.1839147,1589820631.2800038,1589820631.2800038,0.0,1589820631.845405
1589827835.2870014,1589820636.3813426,1589820636.3813426,100.0,1589820636.924434
1589827840.3919847,1589820641.494714,1589820641.494714,0.0,1589820642.00267
1589827845.4893503,1589820646.59619,1589820646.59619,100.0,1589820647.087946
1589827850.5858595,1589820651.6909347,1589820651.6909347,0.0,1589820652.161075
1589827855.681153,1589820656.793856,1589820656.793856,100.0,1589820657.2396028
1589827860.7759955,1589820661.87028,1589820661.87028,0.0,1589820662.317849
1589827865.877059,1589820666.9780443,1589820666.9780443,100.0,1589820667.4015827
1589827870.961459,1589820672.053716,1589820672.053716,0.0,1589820672.477032
1589827876.0710032,1589820677.169533,1589820677.169533,100.0,1589820677.559707
1589827881.1630876,1589820682.2615507,1589820682.2615507,0.0,1589820682.635731
1589827886.2603934,1589820687.355044,1589820687.355044,100.0,1589820687.7108767
1589827891.3630438,1589820692.461735,1589820692.461735,0.0,1589820692.7907162
1589827896.4617295,1589820697.5682287,1589820697.5682287,100.0,1589820697.8699718
1589827901.5619423,1589820702.6573267,1589820702.6573267,0.0,1589820702.9524
1589827906.6581187,1589820707.764026,1589820707.764026,100.0,1589820708.028181
1589827911.751282,1589820712.847958,1589820712.847958,0.0,1589820713.110368
1589827916.850123,1589820717.9547987,1589820717.9547987,100.0,1589820718.1918437
1589827921.9460618,1589820723.038841,1589820723.038841,0.0,1589820723.266723
1589827927.0508482,1589820728.152715,1589820728.152715,100.0,1589820728.346514
1589827932.1526835,1589820733.257779,1589820733.257779,0.0,1589820733.4255397
1589827937.257176,1589820738.364728,1589820738.364728,100.0,1589820738.501862
1589827942.3538463,1589820743.4500108,1589820743.4500108,0.0,1589820743.5738683
1589827947.4561994,1589820748.552568,1589820748.552568,100.0,1589820748.651994
1589827952.5555587,1589820753.6616678,1589820753.6616678,0.0,1589820754.243923
1589827957.6542003,1589820758.759871,1589820758.759871,100.0,1589820759.319012
1589827962.7511997,1589820763.848309,1589820763.848309,0.0,1589820764.397886
1589827967.8551805,1589820768.9551687,1589820768.9551687,100.0,1589820769.4827816
1589827972.9573824,1589820774.0783987,1589820774.0783987,0.0,1589820774.5621789
1589827978.063879,1589820779.178101,1589820779.178101,100.0,1589820779.6362927
1589827983.1620786,1589820784.257013,1589820784.257013,0.0,1589820784.719307
1589827988.2604024,1589820789.364577,1589820789.364577,100.0,1589820789.7998018
1589827993.3628545,1589820794.462323,1589820794.462323,0.0,1589820794.8811398
1589827998.457561,1589820799.5522707,1589820799.5522707,100.0,1589820799.958949
1589828003.5611892,1589820804.658717,1589820804.658717,0.0,1589820805.0397167
1589828008.6641874,1589820809.768685,1589820809.768685,100.0,1589820810.1165082
1589828013.764286,1589820814.8657148,1589820814.8657148,0.0,1589820815.196441
1589828018.8596463,1589820819.9616997,1589820819.9616997,100.0,1589820820.275784
1589828023.9497252,1589820825.0517058,1589820825.0517058,0.0,1589820825.3565948
1589828029.0443707,1589820830.150882,1589820830.150882,100.0,1589820830.434666
1589828034.1453981,1589820835.2431347,1589820835.2431347,0.0,1589820835.5117662
1589828039.2521846,1589820840.3555868,1589820840.3555868,100.0,1589820840.591363
1589828044.351557,1589820845.4465182,1589820845.4465182,0.0,1589820845.67475
1589828049.4555047,1589820850.5621881,1589820850.5621881,100.0,1589820850.748901
1589828054.5577486,1589820855.6610796,1589820855.6610796,0.0,1589820855.830413
1589828059.6662886,1589820860.770794,1589820860.770794,100.0,1589820860.9058428
1589828064.7638476,1589820865.865673,1589820865.865673,0.0,1589820865.9845319
1589828069.8581038,1589820870.968568,1589820870.968568,100.0,1589820871.068995
1589828074.9561198,1589820876.057714,1589820876.057714,0.0,1589820876.151756
1589828080.0531607,1589820881.1564612,1589820881.1564612,100.0,1589820881.73374
1589828085.1563447,1589820886.260729,1589820886.260729,0.0,1589820886.817804
1589828090.2548928,1589820891.3595808,1589820891.3595808,100.0,1589820891.891832
1589828095.3535001,1589820896.457662,1589820896.457662,0.0,1589820896.9749868
1589828100.4550886,1589820901.558396,1589820901.558396,100.0,1589820902.056009
1589828105.5539966,1589820906.650539,1589820906.650539,0.0,1589820907.1335962
1589828110.6475892,1589820911.746713,1589820911.746713,100.0,1589820912.212003
1589828115.748878,1589820916.85239,1589820916.85239,0.0,1589820917.293358
1589828120.855099,1589820921.953508,1589820921.953508,100.0,1589820922.372778
1589828125.9586535,1589820927.06037,1589820927.06037,0.0,1589820927.456651
1589828131.0609646,1589820932.1622407,1589820932.1622407,100.0,1589820932.533074
1589828136.1605988,1589820937.26828,1589820937.26828,0.0,1589820937.614365
1589828141.2505534,1589820942.354787,1589820942.354787,100.0,1589820942.6963642
1589828146.907525,1589820948.282565,1589820948.282565,0.0,1589820948.7890887
1589828152.8271153,1589820954.021573,1589820954.021573,100.0,1589820954.457077
1589828158.4139507,1589820959.787415,1589820959.787415,0.0,1589820959.9547586
1589828163.9700751,1589820965.112086,1589820965.112086,100.0,1589820965.542816
1589828169.3621814,1589820970.562744,1589820970.562744,0.0,1589820971.1338098
1589828174.9709187,1589820976.1716828,1589820976.1716828,100.0,1589820976.715432
1589828180.5223591,1589820981.7725587,1589820981.7725587,0.0,1589820982.345156
1589828186.124162,1589820987.511602,1589820987.511602,100.0,1589820988.1298547
1589828191.4313664,1589820992.568713,1589820992.568713,0.0,1589820992.965714
1589828196.9109933,1589820998.276828,1589820998.276828,100.0,1589820998.8027868
1589828202.8030286,1589821003.9929907,1589821003.9929907,0.0,1589821004.1363688
1589828208.2874334,1589821009.4345767,1589821009.4345767,100.0,1589821009.720706
1589828213.9386077,1589821015.130731,1589821015.130731,0.0,1589821015.439269
1589828219.6546826,1589821020.9696348,1589821020.9696348,100.0,1589821021.400873
1589828225.5070267,1589821026.839896,1589821026.839896,0.0,1589821026.981803
1589828231.1058652,1589821032.47667,1589821032.47667,100.0,1589821032.5686626
1589828236.3307629,1589821037.5255167,1589821037.5255167,0.0,1589821037.956882
1589828241.5948946,1589821042.9767559,1589821042.9767559,100.0,1589821043.233827
1589828247.103035,1589821048.309012,1589821048.309012,0.0,1589821048.816399
1589828252.6337676,1589821053.90415,1589821053.90415,100.0,1589821054.40329
1589828257.9286656,1589821059.126034,1589821059.126034,0.0,1589821059.479593
1589828263.4055758,1589821064.607602,1589821064.607602,100.0,1589821065.073721
1589828269.0073655,1589821070.166539,1589821070.166539,0.0,1589821070.6573727
1589828274.2134736,1589821075.590785,1589821075.590785,100.0,1589821075.7323482
1589828279.5363088,1589821080.649845,1589821080.649845,0.0,1589821080.808997
1589828285.0972242,1589821086.2997317,1589821086.2997317,100.0,1589821086.400639
1589828290.205337,1589821091.365998,1589821091.365998,0.0,1589821091.475676
1589828295.8275962,1589821097.26144,1589821097.26144,100.0,1589821097.5745628
1589828301.729282,1589821102.9440227,1589821102.9440227,0.0,1589821103.162998
1589828307.1369338,1589821108.3129308,1589821108.3129308,100.0,1589821108.74604
1589828312.5774124,1589821113.768363,1589821113.768363,0.0,1589821114.3336957
1589828317.9430919,1589821119.0937319,1589821119.0937319,100.0,1589821119.488716
1589828323.4462893,1589821124.5898259,1589821124.5898259,0.0,1589821125.204405
1589828328.9873693,1589821130.3640997,1589821130.3640997,100.0,1589821130.5908687
1589828334.6240573,1589821136.0064301,1589821136.0064301,0.0,1589821136.174407
1589828340.2614758,1589821141.4648123,1589821141.4648123,100.0,1589821141.759264
1589828345.689467,1589821147.123784,1589821147.123784,0.0,1589821147.350586
1589828350.9927886,1589821152.139965,1589821152.139965,100.0,1589821152.5749228
