CommandTime,DeviceTime,LogTime,Value
1589557670.425632,1589550470.305737,1589557671.0282092,20.0
1589557681.6574311,1589550481.636901,1589557682.2575052,0.0
1589557687.3010874,1589550487.2218947,1589557687.8898668,100.0
1589557693.004866,1589550492.815525,1589557693.472748,30.0
1589557698.3084831,1589550498.211863,1589557698.694888,40.0
1589557703.896845,1589550503.701529,1589557704.4178014,90.0
1589557709.3158824,1589550509.075907,1589557709.556421,80.0
1589557714.851927,1589550514.793753,1589557715.3923442,50.0
1589557720.0901794,1589550520.077138,1589557720.5678113,60.0
1589557725.573578,1589550525.4335186,1589557726.0246494,80.0
1589557731.1211646,1589550531.0936,1589557731.7600985,90.0
1589557736.497434,1589550536.6015322,1589557737.2038445,0.0
1589557747.9170403,1589550547.9049747,1589557748.6233647,30.0
1589557753.5593529,1589550553.6040647,1589557754.2006998,60.0
1589557759.1412826,1589550559.010532,1589557759.6856716,30.0
1589557764.7556894,1589550564.674905,1589557765.1927068,20.0
1589557770.23524,1589550570.381493,1589557770.9982204,100.0
1589557776.008949,1589550575.8436646,1589557776.495328,80.0
1589557781.3508046,1589550581.1559587,1589557781.77326,60.0
1589557786.9618394,1589550587.074627,1589557787.6073015,80.0
1589557797.7414029,1589550597.543104,1589557797.9813128,60.0
1589557803.287787,1589550603.345302,1589557803.9566524,80.0
1589557808.6360922,1589550608.391512,1589557808.8699188,30.0
1589557814.1247902,1589550614.048984,1589557814.574747,80.0
1589557819.814459,1589550619.9304473,1589557820.5219631,50.0
1589557825.3580348,1589550625.117438,1589557825.7944212,70.0
1589557830.71862,1589550630.4797502,1589557830.992802,0.0
1589557836.5066266,1589550636.3111167,1589557837.0436172,90.0
1589557841.7475863,1589550641.4651868,1589557841.974039,70.0
1589557846.843875,1589550646.5624866,1589557847.0381446,60.0
1589557851.942859,1589550651.7169647,1589557852.192136,90.0
1589557857.038125,1589550656.75711,1589557857.2243874,60.0
1589557862.131436,1589550661.842186,1589557862.3252535,30.0
1589557867.2331598,1589550666.957264,1589557867.391811,90.0
1589557872.327085,1589550672.041815,1589557872.5156279,50.0
1589557877.4389908,1589550677.1548867,1589557877.6371572,0.0
1589557882.5362635,1589550682.2455487,1589557882.7603438,10.0
1589557887.6450243,1589550687.3709822,1589557887.8360236,30.0
1589557902.93289,1589550702.654834,1589557903.1704435,80.0
1589557908.0282116,1589550707.749976,1589557908.2222412,0.0
1589557913.1382482,1589550712.858071,1589557913.367536,80.0
1589557918.2430496,1589550717.9607327,1589557918.3914592,30.0
1589557923.3472092,1589550723.0595148,1589557923.5699213,20.0
1589557928.4459684,1589550728.168002,1589557928.615046,10.0
1589557933.543016,1589550733.251544,1589557933.7219386,30.0
1589557938.6448953,1589550738.3635077,1589557938.8742142,50.0
1589557943.7415516,1589550743.4605567,1589557943.9630094,100.0
1589557953.9488964,1589550753.6677587,1589557954.1007504,80.0
1589557959.0536263,1589550758.771288,1589557959.2121325,100.0
1589557964.1518695,1589550763.869878,1589557964.3245044,90.0
1589557969.256807,1589550768.9731548,1589557969.4658074,0.0
1589557974.361321,1589550774.080904,1589557974.5879452,30.0
1589557979.4541166,1589550779.169743,1589557979.6330695,10.0
1589557984.5479655,1589550784.259629,1589557984.7640305,60.0
1589557989.6479778,1589550789.3667417,1589557989.856912,70.0
1589557994.7528563,1589550794.47299,1589557994.9721484,80.0
1589558004.9438362,1589550804.657032,1589558005.1161425,50.0
1589558010.0366182,1589550809.74771,1589558010.265877,20.0
1589558015.1341977,1589550814.845902,1589558015.3236742,100.0
1589558020.231369,1589550819.944528,1589558020.3749404,60.0
1589558025.3311267,1589550825.0495737,1589558025.5381277,20.0
1589558030.426974,1589550830.140031,1589558030.6297543,50.0
1589558035.5292034,1589550835.2546701,1589558035.736846,0.0
1589558040.6292858,1589550840.3461797,1589558040.8612254,90.0
1589558045.7235615,1589550845.456147,1589558045.8801022,20.0
1589558050.8201249,1589550850.53653,1589558051.0292294,50.0
1589558055.9237843,1589550855.6408942,1589558056.1341145,30.0
1589558061.033564,1589550860.752162,1589558061.262066,50.0
1589558066.1368546,1589550865.854857,1589558066.2930908,40.0
1589558071.23501,1589550870.94733,1589558071.3869574,30.0
1589558076.3312876,1589550876.042133,1589558076.5411654,40.0
1589558081.427855,1589550881.145808,1589558081.6325433,50.0
1589558086.5343642,1589550886.257996,1589558086.7656174,70.0
1589558091.64054,1589550891.3709667,1589558091.8821127,80.0
1589558096.7406385,1589550896.4553587,1589558096.9684916,50.0
1589558101.838855,1589550901.553198,1589558101.9991152,40.0
1589558106.9339008,1589550906.6506362,1589558107.1571238,80.0
1589558112.039208,1589550911.7585342,1589558112.186985,10.0
1589558117.150124,1589550916.872552,1589558117.3358674,20.0
1589558122.2487662,1589550921.962897,1589558122.4339206,70.0
1589558127.3531475,1589550927.0705087,1589558127.5644562,10.0
1589558132.4513667,1589550932.173192,1589558132.6092124,80.0
1589558142.6473324,1589550942.3659267,1589558142.8444495,100.0
1589558147.7571166,1589550947.4873247,1589558147.9840276,80.0
1589558152.8519616,1589550952.5709107,1589558153.0449374,30.0
1589558157.949219,1589550957.662039,1589558158.0978448,50.0
1589558163.0436628,1589550962.7693138,1589558163.250803,60.0
1589558168.1526144,1589550967.8745887,1589558168.345169,80.0
1589558173.2510636,1589550972.9765468,1589558173.4743621,50.0
1589558178.343053,1589550978.0590208,1589558178.5471075,0.0
1589558183.4479725,1589550983.1801727,1589558183.6770012,10.0
1589558188.5482855,1589550988.2621958,1589558188.7708576,20.0
1589558193.6467488,1589550993.3668787,1589558193.842659,60.0
1589558198.7475677,1589550998.466019,1589558198.9263556,30.0
1589558203.8433018,1589551003.5674179,1589558204.00309,80.0
1589558208.949774,1589551008.679877,1589558209.1392987,30.0
1589558219.1411693,1589551018.858868,1589558219.3291783,20.0
1589558224.2435527,1589551023.96214,1589558224.4647357,0.0
1589558229.3461952,1589551029.06333,1589558229.4860318,70.0
1589558234.4447358,1589551034.1636178,1589558234.643353,50.0
1589558239.5488455,1589551039.270766,1589558239.7633302,30.0
1589558244.65467,1589551044.392168,1589558244.8332055,60.0
1589558249.7554202,1589551049.470143,1589558249.9463155,90.0
1589558254.8492768,1589551054.576503,1589558255.0086157,10.0
1589558259.9567404,1589551059.6901562,1589558260.204391,60.0
1589558265.05684,1589551064.7745059,1589558265.2728539,0.0
1589558270.1483538,1589551069.8747354,1589558270.3728716,60.0
1589558275.241584,1589551074.9738894,1589558275.4081607,70.0
1589558280.346803,1589551080.0730188,1589558280.524,10.0
1589558285.4484231,1589551085.169616,1589558285.6183343,0.0
1589558290.550932,1589551090.270926,1589558290.7126234,70.0
1589558295.6433344,1589551095.358523,1589558295.7979932,20.0
1589558300.7453122,1589551100.4652038,1589558300.9229407,100.0
1589558305.8546832,1589551105.581649,1589558306.0714653,40.0
1589558310.9506087,1589551110.6906767,1589558311.202896,20.0
1589558316.0509007,1589551115.769003,1589558316.2052383,10.0
1589558321.1490855,1589551120.872355,1589558321.3702173,0.0
1589558326.2322876,1589551125.948193,1589558326.3814983,100.0
1589558331.326101,1589551131.049923,1589558331.5101852,60.0
1589558336.4332385,1589551136.1634147,1589558336.6406202,40.0
1589558346.6383154,1589551146.35616,1589558346.8383007,20.0
1589558351.7250643,1589551151.456743,1589558351.9383602,40.0
1589558356.8270147,1589551156.5464528,1589558357.0097692,20.0
1589558361.9288979,1589551161.65088,1589558362.1179073,10.0
1589558367.0229356,1589551166.767877,1589558367.2231936,100.0
1589558372.1168416,1589551171.836763,1589558372.2916934,30.0
1589558382.312319,1589551182.0334713,1589558382.4790478,0.0
1589558387.4122996,1589551187.1377187,1589558387.6172595,30.0
1589558392.5125072,1589551192.2578828,1589558392.7447598,90.0
1589558397.6098332,1589551197.336432,1589558397.8142173,0.0
1589558402.724566,1589551202.457462,1589558402.9630094,10.0
1589558407.8262558,1589551207.5480807,1589558408.0053315,60.0
1589558412.9249837,1589551212.64859,1589558413.1418128,80.0
1589558418.0250678,1589551217.742494,1589558418.2437053,90.0
1589558423.1239097,1589551222.849008,1589558423.3470476,80.0
1589558428.2271886,1589551227.95214,1589558428.3908834,30.0
1589558433.328759,1589551233.049098,1589558433.4847283,50.0
1589558438.424418,1589551238.154907,1589558438.6512687,40.0
1589558443.519868,1589551243.252342,1589558443.6992812,90.0
1589558448.615509,1589551248.3391356,1589558448.773097,70.0
1589558453.716789,1589551253.439104,1589558453.9767346,0.0
1589558458.8184698,1589551258.540183,1589558459.0333786,40.0
1589558463.915313,1589551263.640321,1589558464.124884,60.0
1589558469.0173311,1589551268.733127,1589558469.1548755,40.0
1589558474.1389794,1589551273.866945,1589558474.371544,0.0
1589558479.2355971,1589551278.976558,1589558479.4744883,60.0
1589558484.3378255,1589551284.0668762,1589558484.5590158,90.0
1589558489.434294,1589551289.15651,1589558489.582317,70.0
1589558494.5418348,1589551294.266274,1589558494.7328691,100.0
1589558499.6462963,1589551299.3714979,1589558499.8227756,0.0
1589558504.7544646,1589551304.480967,1589558504.9541543,60.0
1589558509.8509338,1589551309.572905,1589558510.0220711,70.0
1589558520.0527716,1589551319.7809148,1589558520.237305,90.0
1589558525.1471405,1589551324.8725107,1589558525.3097959,60.0
1589558530.243059,1589551329.967872,1589558530.420363,90.0
1589558535.3382387,1589551335.061538,1589558535.5177567,60.0
1589558540.4287262,1589551340.157029,1589558540.649909,100.0
1589558545.5246055,1589551345.2469308,1589558545.7206798,70.0
1589558550.6321476,1589551350.3659298,1589558550.7760546,80.0
1589558560.8431513,1589551360.565613,1589558561.1216378,70.0
1589558565.9504302,1589551365.67328,1589558566.1607559,50.0
1589558571.0635986,1589551370.796169,1589558571.2326927,0.0
1589558576.1643238,1589551375.887523,1589558576.3793423,10.0
1589558581.265757,1589551380.991862,1589558581.4749634,70.0
1589558586.3641343,1589551386.09551,1589558586.600124,50.0
1589558591.4679437,1589551391.1913373,1589558591.6352546,40.0
1589558596.572475,1589551396.30089,1589558596.7990026,70.0
1589558601.6666138,1589551401.393214,1589558601.8704884,90.0
1589558606.7627618,1589551406.4883618,1589558606.918057,20.0
1589558611.87032,1589551411.598166,1589558612.0310867,30.0
1589558616.9744983,1589551416.700108,1589558617.1813803,70.0
1589558622.0842242,1589551421.807195,1589558622.286666,60.0
1589558627.1910272,1589551426.914865,1589558627.4356327,0.0
1589558632.2746766,1589551432.0039887,1589558632.502145,90.0
1589558637.3773906,1589551437.11789,1589558637.55874,70.0
1589558642.478423,1589551442.2081478,1589558642.6981006,60.0
1589558647.571542,1589551447.2918842,1589558647.7488346,30.0
1589558652.6682143,1589551452.394744,1589558652.8903153,60.0
1589558657.7707534,1589551457.5004508,1589558657.993785,80.0
1589558662.8732762,1589551462.611984,1589558663.1173944,90.0
1589558667.9791684,1589551467.709065,1589558668.1904497,20.0
1589558673.0789006,1589551472.802765,1589558673.2320108,60.0
1589558683.2946956,1589551483.03536,1589558683.5286803,80.0
1589558688.3887153,1589551488.115596,1589558688.6207502,30.0
1589558693.4897501,1589551493.2171237,1589558693.6738617,40.0
1589558698.5918787,1589551498.325447,1589558698.8079996,90.0
1589558703.6984384,1589551503.42672,1589558703.876313,50.0
1589558708.8004496,1589551508.528776,1589558709.015796,20.0
1589558713.900613,1589551513.6306522,1589558714.091109,50.0
1589558724.095415,1589551523.8201902,1589558724.2945151,70.0
1589558729.1872365,1589551528.913828,1589558729.3912141,100.0
1589558734.3291059,1589551534.061536,1589558734.500261,60.0
1589558739.430813,1589551539.168895,1589558739.6183555,30.0
1589558744.5321789,1589551544.269945,1589558744.7358234,100.0
1589558749.6259587,1589551549.3565629,1589558749.8389475,40.0
1589558754.7245874,1589551554.4522727,1589558754.913091,60.0
1589558759.8205879,1589551559.553714,1589558760.0269914,20.0
1589558770.0187168,1589551569.744905,1589558770.2108622,40.0
1589558775.111776,1589551574.8355708,1589558775.2819538,90.0
1589558780.2073543,1589551579.938053,1589558780.429615,60.0
1589558785.3512948,1589551585.086515,1589558785.554663,20.0
1589558790.4547582,1589551590.1871822,1589558790.6478174,80.0
1589558795.548667,1589551595.278734,1589558795.7496967,30.0
1589558800.6480548,1589551600.37576,1589558800.845794,90.0
1589558805.7478492,1589551605.485639,1589558805.915372,10.0
1589558810.8475916,1589551610.5781007,1589558811.0013402,0.0
1589558815.9496756,1589551615.6820018,1589558816.1410317,60.0
1589558821.0425162,1589551620.769592,1589558821.2460685,50.0
1589558826.1397264,1589551625.8699002,1589558826.369568,30.0
1589558841.4494205,1589551641.1741087,1589558841.6167052,60.0
1589558846.5452163,1589551646.2740037,1589558846.7402525,10.0
1589558851.680179,1589551651.4178767,1589558851.9089231,70.0
1589558856.7748477,1589551656.507853,1589558856.999135,90.0
1589558861.8787773,1589551661.610168,1589558862.0666013,10.0
1589558866.9764893,1589551666.72192,1589558867.1988432,50.0
1589558872.0707457,1589551671.801065,1589558872.242726,60.0
1589558877.1678147,1589551676.8983378,1589558877.318555,50.0
1589558882.271919,1589551682.0065007,1589558882.4560227,30.0
1589558887.3643208,1589551687.1062887,1589558887.5606139,100.0
1589558892.4509535,1589551692.2101228,1589558892.624265,0.0
1589558897.5466049,1589551697.278179,1589558897.7587507,20.0
1589558902.6481452,1589551702.376716,1589558902.7898295,70.0
1589558907.7503078,1589551707.482741,1589558907.9388506,0.0
1589558917.9416192,1589551717.670128,1589558918.1622624,50.0
1589558923.0391085,1589551722.785478,1589558923.2004132,80.0
1589558928.1388476,1589551727.871512,1589558928.3575644,0.0
1589558933.2418332,1589551732.973287,1589558933.434019,10.0
1589558938.3638878,1589551738.096182,1589558938.5794146,40.0
1589558943.4601123,1589551743.1891868,1589558943.6820483,70.0
1589558948.5578978,1589551748.289433,1589558948.741194,60.0
1589558953.6547616,1589551753.386687,1589558953.8342676,100.0
1589558963.840442,1589551763.571163,1589558964.0182061,10.0
1589558968.9370363,1589551768.6746042,1589558969.1237411,30.0
1589558974.0413477,1589551773.787931,1589558974.24527,90.0
1589558979.1441772,1589551778.875185,1589558979.3275888,20.0
1589558984.2375982,1589551783.9667802,1589558984.4650044,40.0
1589558989.3335078,1589551789.062978,1589558989.5077918,90.0
1589558999.5317578,1589551799.2692678,1589558999.7359872,60.0
1589559004.6372633,1589551804.3701148,1589559004.7797027,90.0
1589559009.732082,1589551809.461938,1589559009.9453661,0.0
1589559014.832118,1589551814.5704648,1589559015.0165415,10.0
1589559019.9294124,1589551819.676971,1589559020.1640396,40.0
1589559025.0319169,1589551824.768702,1589559025.1711001,0.0
1589559030.131639,1589551829.8763342,1589559030.3224754,20.0
1589559035.2389836,1589551834.973325,1589559035.4673228,60.0
1589559040.333926,1589551840.0665247,1589559040.50208,20.0
1589559045.4313536,1589551845.1666636,1589559045.6021364,0.0
1589559050.5198388,1589551850.2534702,1589559050.6903353,90.0
1589559055.6159034,1589551855.3478942,1589559055.8344107,70.0
1589559060.7181375,1589551860.451116,1589559060.8532305,20.0
1589559065.8199906,1589551865.553947,1589559065.9872425,50.0
1589559070.9231708,1589551870.673841,1589559071.1857767,100.0
1589559076.02682,1589551875.761181,1589559076.2117212,10.0
1589559091.3116345,1589551891.041671,1589559091.497336,60.0
1589559096.4136767,1589551896.1646867,1589559096.6364644,70.0
1589559101.5176635,1589551901.245737,1589559101.7147002,20.0
1589559106.6240108,1589551906.359982,1589559106.7654662,30.0
1589559111.7277892,1589551911.464137,1589559111.9373095,70.0
1589559116.8253217,1589551916.558162,1589559116.9974756,50.0
1589559121.9233847,1589551921.652046,1589559122.1340547,90.0
1589559127.0305276,1589551926.775871,1589559127.258702,0.0
1589559132.1356218,1589551931.86776,1589559132.3000755,10.0
1589559137.2294548,1589551936.955541,1589559137.3900611,0.0
1589559147.4282658,1589551947.1595068,1589559147.64724,90.0
1589559152.531949,1589551952.2684467,1589559152.761237,40.0
1589559157.6326978,1589551957.368664,1589559157.8560908,60.0
1589559162.727149,1589551962.4619582,1589559162.935026,100.0
1589559167.8244936,1589551967.557029,1589559168.0179162,10.0
1589559172.9289002,1589551972.670147,1589559173.1346238,100.0
1589559178.0303106,1589551977.7724867,1589559178.2661645,80.0
1589559183.1351252,1589551982.8685277,1589559183.2941294,100.0
1589559188.2342684,1589551987.969037,1589559188.438838,60.0
1589559193.3326135,1589551993.072027,1589559193.5037775,30.0
1589559198.4319332,1589551998.170889,1589559198.6512282,0.0
1589559203.5336351,1589552003.288407,1589559203.7515976,80.0
1589559208.6303258,1589552008.3639398,1589559208.8135023,60.0
1589559213.7258196,1589552013.4645348,1589559213.9521708,30.0
1589559218.826866,1589552018.5689797,1589559218.989527,100.0
1589559223.921703,1589552023.6565187,1589559224.1225038,20.0
1589559229.0200055,1589552028.7649229,1589559229.174293,50.0
1589559234.1367059,1589552033.871762,1589559234.3681855,30.0
1589559244.3402615,1589552044.078911,1589559244.5347378,10.0
1589559249.4528382,1589552049.193198,1589559249.6373408,50.0
1589559259.6530204,1589552059.3913708,1589559259.8405666,100.0
1589559264.7485693,1589552064.483881,1589559264.8949268,20.0
1589559269.849919,1589552069.5865083,1589559270.0374746,90.0
1589559274.9491246,1589552074.7089388,1589559275.100098,20.0
1589559280.057387,1589552079.7969139,1589559280.2691188,30.0
1589559285.1569676,1589552084.894537,1589559285.2918663,50.0
1589559290.2590368,1589552090.0009747,1589559290.4678285,100.0
1589559300.451618,1589552100.190173,1589559300.5997286,20.0
1589559305.5486307,1589552105.2917628,1589559305.7257805,0.0
1589559310.653469,1589552110.396313,1589559310.8029494,100.0
1589559315.7458189,1589552115.481734,1589559315.9583778,80.0
1589559320.8400578,1589552120.583877,1589559321.0710452,30.0
1589559325.944422,1589552125.6848288,1589559326.0987034,80.0
1589559331.0530128,1589552130.79187,1589559331.1965468,40.0
1589559336.1546435,1589552135.888523,1589559336.3686507,60.0
1589559341.2537434,1589552140.995986,1589559341.4662554,90.0
1589559346.3717875,1589552146.114195,1589559346.5739625,30.0
1589559351.4749773,1589552151.2121902,1589559351.6632686,20.0
1589559356.5737436,1589552156.308896,1589559356.7896428,30.0
1589559361.6773126,1589552161.418244,1589559361.883976,40.0
1589559366.7704647,1589552166.5118814,1589559366.9210863,60.0
1589559371.8703907,1589552171.603878,1589559372.0414908,30.0
1589559376.9733052,1589552176.7145534,1589559377.2003584,20.0
1589559387.1742628,1589552186.911737,1589559387.3416524,0.0
1589559392.267993,1589552192.006158,1589559392.4906526,90.0
1589559407.553443,1589552207.288008,1589559407.704606,50.0
1589559412.6494396,1589552212.3860443,1589559412.8764348,20.0
1589559417.7532947,1589552217.497661,1589559417.9250736,0.0
1589559422.8533823,1589552222.5941987,1589559423.0850499,70.0
1589559427.952071,1589552227.7147322,1589559428.1732574,10.0
1589559433.0514894,1589552232.793869,1589559433.1903799,60.0
1589559443.2498977,1589552242.9927506,1589559443.4289455,20.0
1589559448.3541076,1589552248.098185,1589559448.5172737,50.0
1589559453.4516852,1589552253.1939774,1589559453.626697,60.0
1589559458.555982,1589552258.293624,1589559458.738746,40.0
1589559463.653255,1589552263.3982508,1589559463.880233,80.0
1589559468.762145,1589552268.506999,1589559468.979756,50.0
1589559473.8600204,1589552273.600584,1589559474.0771866,90.0
1589559478.9551406,1589552278.71589,1589559479.1791692,10.0
1589559484.0604994,1589552283.8209927,1589559484.2830048,50.0
1589559489.1660569,1589552288.931548,1589559489.303231,40.0
1589559494.2682157,1589552294.0295558,1589559494.4841638,100.0
1589559504.471549,1589552304.2419827,1589559504.6978064,90.0
1589559509.5649724,1589552309.3279507,1589559509.7848513,50.0
1589559514.6726809,1589552314.436952,1589559514.8997684,20.0
1589559519.7759926,1589552319.536566,1589559519.973506,60.0
1589559524.8770576,1589552324.637596,1589559525.0815551,90.0
1589559529.9656425,1589552329.732686,1589559530.116967,30.0
1589559535.0641742,1589552334.8278382,1589559535.2416294,50.0
1589559545.2577722,1589552345.023979,1589559545.483656,20.0
1589559550.354697,1589552350.117957,1589559550.580945,40.0
1589559560.5540705,1589552360.315435,1589559560.740886,100.0
1589559565.6391776,1589552365.406489,1589559565.827086,50.0
1589559570.740523,1589552370.5062547,1589559570.911808,20.0
1589559575.8411903,1589552375.614542,1589559576.0075781,40.0
1589559580.9452422,1589552380.716179,1589559581.1579711,80.0
1589559586.0389106,1589552385.798175,1589559586.2168505,30.0
1589559591.1490476,1589552390.9123619,1589559591.2908194,40.0
1589559596.2497165,1589552396.011975,1589559596.3993804,30.0
1589559601.3517811,1589552401.118869,1589559601.5757468,40.0
1589559606.4565501,1589552406.219049,1589559606.6436124,10.0
1589559611.5640507,1589552411.343199,1589559611.7885728,100.0
1589559616.6594672,1589552416.421522,1589559616.899268,0.0
1589559621.7558413,1589552421.5163567,1589559621.9348466,80.0
1589559626.8592963,1589552426.6237721,1589559627.0392675,70.0
1589559631.9591587,1589552431.727888,1589559632.1133654,30.0
1589559637.06088,1589552436.822894,1589559637.2444804,80.0
1589559642.1594934,1589552441.9217288,1589559642.355168,100.0
1589559647.2594995,1589552447.0291398,1589559647.4651651,10.0
1589559652.3614109,1589552452.1320179,1589559652.5532608,50.0
1589559657.4652524,1589552457.237472,1589559657.6612835,70.0
1589559662.56883,1589552462.3393247,1589559662.7381575,10.0
1589559667.662247,1589552467.4349859,1589559667.7973793,60.0
1589559672.756796,1589552472.524685,1589559672.964919,80.0
1589559677.8581607,1589552477.6211348,1589559678.076434,20.0
1589559682.9591503,1589552482.722742,1589559683.1922767,80.0
1589559693.151833,1589552492.9107628,1589559693.3546739,30.0
1589559698.2522237,1589552498.0145347,1589559698.4103987,100.0
1589559703.3608572,1589552503.132774,1589559703.578972,30.0
1589559708.4639347,1589552508.232018,1589559708.6853044,40.0
1589559718.6646242,1589552518.431171,1589559718.8059719,80.0
1589559728.8630013,1589552528.6325388,1589559729.0283985,20.0
1589559733.9672582,1589552533.743584,1589559734.281625,50.0
1589559739.0834627,1589552538.86309,1589559739.2648516,20.0
1589559744.1842148,1589552543.9515262,1589559744.3846242,0.0
1589559749.295005,1589552549.068727,1589559749.5129554,50.0
1589559754.404955,1589552554.1727247,1589559754.6221597,10.0
1589559759.5100522,1589552559.2857027,1589559759.7025843,80.0
1589559769.7255244,1589552569.494924,1589559769.9451876,100.0
1589559774.831195,1589552574.602981,1589559775.0731459,0.0
1589559779.9328723,1589552579.7082918,1589559780.1397076,90.0
1589559785.0292692,1589552584.811233,1589559785.2704244,80.0
1589559790.1296067,1589552589.905559,1589559790.3416328,10.0
1589559795.2654126,1589552595.033967,1589559795.45732,0.0
1589559800.3727763,1589552600.1447139,1589559800.5972538,80.0
1589559805.4734306,1589552605.242357,1589559805.6519907,60.0
1589559810.573824,1589552610.3429468,1589559810.793955,0.0
1589559820.7814155,1589552620.564903,1589559821.0052407,80.0
1589559825.8849924,1589552625.653608,1589559826.0307162,40.0
1589559830.982391,1589552630.7670248,1589559831.2201302,20.0
1589559836.0796268,1589552635.847628,1589559836.2238767,10.0
1589559841.1796212,1589552640.9569347,1589559841.392128,90.0
1589559846.2741191,1589552646.0431027,1589559846.4777567,60.0
1589559851.3739889,1589552651.143558,1589559851.5442576,100.0
1589559856.4781635,1589552656.256678,1589559856.707248,30.0
1589559861.5836842,1589552661.3539689,1589559861.7587602,70.0
1589559866.6880884,1589552666.457967,1589559866.8667207,20.0
1589559871.7947466,1589552671.558351,1589559871.9733078,30.0
1589559876.888345,1589552676.655889,1589559877.105973,40.0
1589559881.9943106,1589552681.7681448,1589559882.184835,10.0
1589559887.0899794,1589552686.862153,1589559887.2441638,70.0
1589559892.1893091,1589552691.958296,1589559892.3931367,10.0
1589559897.2810383,1589552697.045976,1589559897.4401395,80.0
1589559902.38155,1589552702.154021,1589559902.5930912,90.0
1589559907.482165,1589552707.25974,1589559907.6688344,100.0
1589559912.5766988,1589552712.348189,1589559912.8001103,50.0
1589559917.680566,1589552717.45257,1589559917.8728087,20.0
1589559922.7806075,1589552722.5457187,1589559923.0098782,0.0
1589559927.8728538,1589552727.639328,1589559928.043607,10.0
1589559938.0685523,1589552737.844927,1589559938.2452035,30.0
1589559948.2802067,1589552748.05219,1589559948.5175564,50.0
1589559953.372073,1589552753.1478307,1589559953.5300803,100.0
1589559958.4634135,1589552758.2295609,1589559958.6775227,50.0
1589559963.5658407,1589552763.3415182,1589559963.7205238,100.0
1589559973.768286,1589552773.5473242,1589559973.9696589,0.0
1589559978.859099,1589552778.6403148,1589559979.0951815,70.0
1589559989.0790172,1589552788.8544428,1589559989.2290254,60.0
1589559999.2896876,1589552799.0674887,1589559999.4659238,40.0
1589560009.4827774,1589552809.255929,1589560009.6457772,80.0
1589560014.586339,1589552814.365667,1589560014.7977986,20.0
1589560019.6857116,1589552819.4668767,1589560019.8658335,0.0
1589560024.7813148,1589552824.556241,1589560024.9696314,60.0
1589560029.8811815,1589552829.6581402,1589560030.0411828,0.0
1589560034.9821756,1589552834.774299,1589560035.2302504,40.0
1589560040.0805101,1589552839.85666,1589560040.2727234,30.0
1589560045.1744246,1589552844.945144,1589560045.3969903,40.0
1589560050.2787228,1589552850.048732,1589560050.4883263,20.0
1589560055.380658,1589552855.148841,1589560055.6011047,100.0
1589560060.4828186,1589552860.260046,1589560060.7173123,80.0
1589560065.577524,1589552865.346638,1589560065.781528,20.0
1589560070.6785383,1589552870.453989,1589560070.8201473,60.0
1589560075.7765152,1589552875.5469148,1589560075.9941459,100.0
1589560080.905209,1589552880.677504,1589560081.105712,50.0
1589560086.009549,1589552885.788281,1589560086.2404742,30.0
1589560091.11291,1589552890.8844867,1589560091.2921169,100.0
1589560096.227294,1589552896.009309,1589560096.4076278,70.0
1589560101.3280723,1589552901.0972013,1589560101.5369718,80.0
1589560111.530039,1589552911.3060007,1589560111.7001228,0.0
1589560116.6222546,1589552916.397897,1589560116.7990928,90.0
1589560121.7194388,1589552921.4946759,1589560121.865493,30.0
1589560126.8241358,1589552926.6140807,1589560127.068976,80.0
1589560131.9216456,1589552931.70374,1589560132.106406,90.0
1589560137.0232453,1589552936.7990522,1589560137.2004352,70.0
1589560142.122608,1589552941.8967378,1589560142.3253767,60.0
1589560147.2255187,1589552947.002146,1589560147.4254887,20.0
1589560152.3255405,1589552952.105891,1589560152.481909,90.0
1589560157.9754062,1589552958.036619,1589560158.6418087,80.0
1589560163.6219223,1589552963.554572,1589560164.022535,50.0
1589560174.2973635,1589552974.0830467,1589560174.4855268,80.0
1589560179.397682,1589552979.174921,1589560179.58376,30.0
1589560184.5027122,1589552984.2767427,1589560184.7206707,50.0
1589560189.6077952,1589552989.3776739,1589560189.8020692,40.0
1589560194.7020957,1589552994.480603,1589560194.8812253,30.0
1589560204.9021494,1589553004.67775,1589560205.1121802,0.0
1589560209.9996748,1589553009.770726,1589560210.1477172,60.0
1589560215.091954,1589553014.870885,1589560215.2529075,90.0
1589560220.225069,1589553020.0018547,1589560220.4494188,20.0
1589560225.3344445,1589553025.111523,1589560225.5611806,100.0
1589560240.6402788,1589553040.417909,1589560240.86973,70.0
1589560245.7296548,1589553045.5063007,1589560245.9593499,10.0
1589560250.8393734,1589553050.6542387,1589560251.1338143,90.0
1589560255.9399874,1589553055.742465,1589560256.187653,50.0
1589560266.1579683,1589553065.9346,1589560266.3261054,40.0
1589560271.2582371,1589553071.073587,1589560271.5179834,0.0
1589560286.5578003,1589553086.3407516,1589560286.8154142,40.0
1589560291.6672246,1589553091.4440498,1589560291.9020383,10.0
1589560296.8078463,1589553096.584498,1589560297.054397,70.0
1589560301.9097729,1589553101.6875277,1589560302.1299622,0.0
1589560307.009591,1589553106.8140738,1589560307.2539372,30.0
1589560312.104656,1589553111.8847308,1589560312.274687,0.0
1589560322.3084807,1589553122.0970278,1589560322.5216327,90.0
1589560327.4099262,1589553127.192169,1589560327.6092844,80.0
1589560332.4932435,1589553132.2975662,1589560332.7377503,100.0
1589560337.5954912,1589553137.3787708,1589560337.8175795,20.0
1589560342.6900284,1589553142.4661827,1589560342.9074364,90.0
1589560347.7871726,1589553147.5728767,1589560347.9969373,0.0
1589560358.0333478,1589553157.820173,1589560358.1957126,70.0
1589560363.1307929,1589553162.9070227,1589560363.3201852,10.0
1589560368.2349107,1589553168.011385,1589560368.4185338,90.0
1589560373.3355699,1589553173.115849,1589560373.5425408,20.0
1589560378.4263859,1589553178.2087379,1589560378.6149702,30.0
1589560393.7227452,1589553193.505109,1589560393.934372,40.0
1589560403.908768,1589553203.694002,1589560404.1056442,30.0
1589560409.004196,1589553208.787874,1589560409.159167,90.0
1589560414.1135554,1589553213.8895218,1589560414.3396423,10.0
1589560419.2150867,1589553218.9919538,1589560419.4028482,70.0
1589560424.3303344,1589553224.1197608,1589560424.5196524,50.0
1589560429.4263523,1589553229.205104,1589560429.594874,40.0
1589560434.517873,1589553234.298854,1589560434.6979659,80.0
1589560439.618382,1589553239.3969247,1589560439.8109665,100.0
1589560444.712553,1589553244.5027647,1589560444.886213,40.0
1589560449.8147507,1589553249.5985548,1589560449.9913938,70.0
1589560454.9045835,1589553254.7024941,1589560455.1054566,80.0
1589560460.015962,1589553259.7948098,1589560460.192697,60.0
1589560465.1126254,1589553264.9005318,1589560465.3133905,20.0
1589560470.2119756,1589553269.991991,1589560470.4110708,70.0
1589560475.3087828,1589553275.0821958,1589560475.5056572,0.0
1589560480.4041588,1589553280.18475,1589560480.633677,20.0
1589560485.5105574,1589553285.304822,1589560485.6696274,90.0
1589560490.613237,1589553290.392172,1589560490.779547,50.0
1589560495.709182,1589553295.496902,1589560495.888935,60.0
1589560500.8051236,1589553300.5891807,1589560501.0367372,30.0
1589560505.9091353,1589553305.696773,1589560506.12704,60.0
1589560511.0125875,1589553310.796925,1589560511.2075331,70.0
1589560516.1071398,1589553315.887147,1589560516.3068728,100.0
1589560521.240306,1589553321.017195,1589560521.417957,90.0
1589560531.4385498,1589553331.218888,1589560531.662821,40.0
1589560536.538815,1589553336.3278682,1589560536.7547724,60.0
1589560541.6387923,1589553341.418676,1589560541.8663166,40.0
1589560546.7347164,1589553346.514876,1589560546.9311,20.0
1589560551.8349316,1589553351.6183228,1589560552.0186832,90.0
1589560556.940996,1589553356.728172,1589560557.1164217,10.0
1589560562.0374367,1589553361.817017,1589560562.2552922,30.0
1589560567.1356826,1589553366.918429,1589560567.3583724,90.0
1589560572.2330244,1589553372.0189807,1589560572.4094086,80.0
1589560577.3328838,1589553377.122891,1589560577.506295,60.0
1589560582.4365182,1589553382.222737,1589560582.593674,80.0
1589560587.5303035,1589553387.312474,1589560587.7532544,100.0
1589560592.6292477,1589553392.409971,1589560592.8167846,90.0
1589560597.7293692,1589553397.507152,1589560597.9255853,100.0
1589560602.8246236,1589553402.612118,1589560603.0497322,30.0
1589560607.9217079,1589553407.7003388,1589560608.140472,80.0
1589560613.030066,1589553412.8167548,1589560613.1773796,0.0
1589560618.1336467,1589553417.924491,1589560618.3263392,30.0
1589560623.2291825,1589553423.011961,1589560623.3857276,10.0
1589560628.3299088,1589553428.111886,1589560628.463221,0.0
1589560633.4332173,1589553433.2219388,1589560633.6403337,90.0
1589560638.539653,1589553438.333098,1589560638.7472076,70.0
1589560643.6299686,1589553443.4171708,1589560643.8316154,100.0
1589560648.7315822,1589553448.514195,1589560648.9253438,0.0
1589560653.82795,1589553453.616183,1589560654.0027437,70.0
1589560658.921898,1589553458.722944,1589560659.0941238,90.0
1589560664.0126595,1589553463.7960188,1589560664.1796122,70.0
1589560669.110063,1589553468.897913,1589560669.2773643,10.0
1589560674.2099094,1589553473.9968328,1589560674.4190912,0.0
1589560679.3090732,1589553479.0973496,1589560679.582128,50.0
1589560684.4179635,1589553484.208142,1589560684.6215396,10.0
1589560689.513747,1589553489.308048,1589560689.7082803,20.0
1589560694.6042867,1589553494.386688,1589560694.79049,60.0
1589560699.7064576,1589553499.490183,1589560699.89099,80.0
1589560704.8099623,1589553504.6025708,1589560704.967965,20.0
1589560709.9106786,1589553509.6963398,1589560710.1385884,50.0
1589560715.0063734,1589553514.803552,1589560715.237548,80.0
1589560725.2135236,1589553524.99534,1589560725.3694928,0.0
1589560730.3111644,1589553530.0929267,1589560730.5027554,80.0
1589560735.4164035,1589553535.2069619,1589560735.6135983,30.0
1589560740.5276027,1589553540.332524,1589560740.7487311,40.0
1589560745.6210806,1589553545.409517,1589560745.7982311,90.0
1589560750.7168748,1589553550.5068762,1589560750.8845196,50.0
1589560755.8224268,1589553555.6117487,1589560756.0004046,30.0
1589560760.922889,1589553560.7131968,1589560761.1566777,20.0
1589560766.036003,1589553565.828538,1589560766.271885,50.0
1589560771.1230316,1589553570.9101849,1589560771.321861,60.0
1589560776.2131367,1589553575.9994407,1589560776.416629,100.0
1589560781.3171072,1589553581.110177,1589560781.5158637,30.0
1589560786.4268982,1589553586.21927,1589560786.635229,80.0
1589560791.5199213,1589553591.308755,1589560791.6709843,30.0
1589560796.6185882,1589553596.3991468,1589560796.8206608,80.0
1589560806.8566723,1589553606.654865,1589560807.07083,20.0
1589560811.951864,1589553611.736956,1589560812.1064947,10.0
1589560817.0552862,1589553616.8399162,1589560817.2551372,0.0
1589560822.1517124,1589553621.944994,1589560822.3432417,100.0
1589560827.251995,1589553627.0349638,1589560827.4731693,70.0
1589560832.3459988,1589553632.141904,1589560832.5260313,100.0
1589560837.4382648,1589553637.222898,1589560837.6510975,20.0
1589560847.638885,1589553647.424867,1589560847.815494,0.0
1589560852.7459753,1589553652.5346668,1589560852.9386892,60.0
1589560857.8560421,1589553657.6449428,1589560858.0660305,100.0
1589560862.9535644,1589553662.7539558,1589560863.1080208,70.0
1589560868.0483325,1589553667.8361588,1589560868.2640998,90.0
1589560873.1440556,1589553672.926551,1589560873.358528,100.0
1589560878.2549667,1589553678.0420358,1589560878.4778512,30.0
1589560883.3605819,1589553683.1508787,1589560883.533494,90.0
1589560893.5518596,1589553693.3425567,1589560893.7792482,100.0
1589560898.647839,1589553698.4521902,1589560898.832885,0.0
1589560903.7472074,1589553703.5345747,1589560903.9294748,10.0
1589560908.848616,1589553708.6343567,1589560909.0719662,40.0
1589560913.9588006,1589553713.747529,1589560914.1132092,90.0
1589560919.058451,1589553718.858185,1589560919.2404478,100.0
1589560929.256942,1589553729.0480268,1589560929.480707,0.0
1589560934.3507166,1589553734.142965,1589560934.5264783,40.0
1589560944.5570018,1589553744.3461607,1589560944.7181964,70.0
1589560949.6517074,1589553749.4529388,1589560949.8917146,30.0
1589560954.7495615,1589553754.5385299,1589560954.8985314,10.0
1589560959.8460586,1589553759.636502,1589560960.0072544,20.0
1589560964.944906,1589553764.740622,1589560965.153961,70.0
1589560970.0375507,1589553769.8311687,1589560970.1870244,90.0
1589560975.1429362,1589553774.9499059,1589560975.3020682,50.0
1589560980.2504876,1589553780.0367727,1589560980.4546266,30.0
1589560985.3465064,1589553785.1372268,1589560985.509579,70.0
1589560990.453849,1589553790.25407,1589560990.6860642,10.0
1589560995.5496511,1589553795.3366842,1589560995.7583709,60.0
1589561000.6394157,1589553800.4347436,1589561000.8499773,50.0
1589561005.7360196,1589553805.529034,1589561005.955746,0.0
1589561010.8370502,1589553810.6289318,1589561011.016649,50.0
1589561015.9514499,1589553815.7403667,1589561016.1734028,40.0
1589561021.0556176,1589553820.849161,1589561021.260419,10.0
1589561026.1532707,1589553825.94855,1589561026.3902426,50.0
1589561031.252368,1589553831.0483108,1589561031.4605756,40.0
1589561036.3603892,1589553836.155136,1589561036.5360382,100.0
1589561041.464073,1589553841.2573607,1589561041.6884947,90.0
1589561046.5578713,1589553846.3464382,1589561046.7833805,10.0
1589561056.756637,1589553856.54842,1589561056.9335537,30.0
1589561061.8605945,1589553861.6648738,1589561062.0837831,20.0
1589561066.9772992,1589553866.770653,1589561067.180168,10.0
1589561072.07633,1589553871.859631,1589561072.2672355,20.0
1589561077.1758966,1589553876.961558,1589561077.3380253,60.0
1589561082.2604973,1589553882.0515323,1589561082.5148115,20.0
1589561087.3550768,1589553887.1505082,1589561087.5272067,50.0
1589561092.459776,1589553892.254085,1589561092.647917,70.0
1589561097.566847,1589553897.359514,1589561097.7495718,20.0
1589561102.668427,1589553902.46008,1589561102.8844526,10.0
1589561107.7586634,1589553907.549381,1589561107.9323628,80.0
1589561112.8578563,1589553912.6539218,1589561113.0151181,70.0
1589561123.0601978,1589553922.856008,1589561123.2783887,30.0
1589561128.1547775,1589553927.947116,1589561128.3524926,60.0
1589561133.2574573,1589553933.0532486,1589561133.4632378,0.0
1589561138.3600163,1589553938.155922,1589561138.5182383,20.0
1589561143.4614563,1589553943.27046,1589561143.688231,60.0
1589561148.5566995,1589553948.348307,1589561148.7765548,70.0
1589561153.6569982,1589553953.446166,1589561153.8427138,30.0
1589561158.7615502,1589553958.555219,1589561158.9777863,50.0
1589561163.8615484,1589553963.661449,1589561164.0353644,10.0
1589561168.9596212,1589553968.74631,1589561169.121768,0.0
1589561174.0569906,1589553973.846142,1589561174.2457151,70.0
1589561179.1600282,1589553978.9569213,1589561179.3769248,50.0
1589561184.2672563,1589553984.0670578,1589561184.4773076,30.0
1589561189.3684614,1589553989.166594,1589561189.5704591,80.0
1589561199.5642958,1589553999.371981,1589561199.7966366,40.0
1589561204.659963,1589554004.449291,1589561204.8963623,100.0
1589561209.7643075,1589554009.572201,1589561209.986456,0.0
1589561214.8607004,1589554014.6491323,1589561215.025165,20.0
1589561219.9537625,1589554019.7431529,1589561220.1625135,90.0
1589561225.054329,1589554024.862393,1589561225.2587228,0.0
1589561230.1512148,1589554029.9443367,1589561230.3085015,60.0
1589561235.245149,1589554035.0381722,1589561235.474445,80.0
1589561240.3423135,1589554040.128968,1589561240.5051565,60.0
1589561245.447534,1589554045.2497637,1589561245.6252387,40.0
1589561250.537547,1589554050.3321378,1589561250.7055461,70.0
1589561255.6336524,1589554055.4261007,1589561255.8296525,60.0
1589561260.734471,1589554060.5248787,1589561260.8959866,90.0
1589561265.8389165,1589554065.627753,1589561266.0567904,100.0
1589561270.9423375,1589554070.7355487,1589561271.1508605,60.0
1589561276.042434,1589554075.8639162,1589561276.2792797,10.0
1589561281.142386,1589554080.9444542,1589561281.3094068,90.0
1589561286.238569,1589554086.0330381,1589561286.4485457,30.0
1589561291.3336985,1589554091.1253088,1589561291.5102425,100.0
